身高,体重,肺活量,50米跑,立定跳远,坐位体前屈,800米跑
171.2,53.7,3271,8.3,186,18.8,"3'47"""
165,54.9,3684,8.49,197,23.7,"3'49"""
157.1,48.8,2229,8,200,28,"3'30"""
161,60.9,2349,8.78,190,20,"3'42"""
155.5,54.2,2708,9.24,160,23.3,"4'01"""
151,41.1,2714,9.05,178,19.2,"3'49"""
165.3,52.6,2766,8.96,185,17.8,"3'57"""
154.3,64.5,2920,10.06,150,18.5,"4'13"""
167.1,76.2,3270,9.48,148,11.5,"4'19"""
162.5,68.5,3119,10.3,140,20.5,"4'16"""
160.8,47.3,3618,8.19,177,20.2,"3'32"""
163.5,56.4,2523,8.52,183,18.5,"3'44"""
165.1,61.6,2982,9.21,170,21.4,"4'04"""
159.1,46,2901,8.77,175,15.1,"3'57"""
159.3,50.9,2517,8.5,182,18.5,"4'43"""
165.8,77.4,3780,9.16,183,20.3,"4'11"""
158.2,46.1,2782,8.67,185,25,"3'43"""
161.3,56.6,3536,8.53,197,23.4,"3'50"""
161.1,49.7,2340,9.63,165,16.7,"3'51"""
162.3,43.6,2836,9.19,165,8.9,"3'37"""
158,56.3,3598,9.31,178,17.8,"3'54"""
159.5,49.4,2918,8.5,170,14.5,"4'01"""
161.4,49.8,2961,9.13,174,24.8,"3'49"""
165.4,76,3474,8.94,190,22.3,"4'04"""
163.4,62.5,2747,9.31,180,15.5,"3'54"""
160.5,46.7,2492,8.69,156,5.6,"3'29"""
166.3,57.6,3545,8.09,195,26.3,"3'53"""
154.3,54.2,3980,9.48,160,20.2,"3'56"""
162.4,51.6,2243,8.91,160,10.1,"4'08"""
156.3,49.9,3095,9.3,175,34.2,"4'05"""
159.6,39.8,2509,7.9,180,15.2,"4'30"""
159.6,56.8,3566,7.7,195,27,"3'50"""
163.4,40.9,2600,8.5,193,9.7,"3'51"""
167.2,56.7,3055,8.19,210,15.6,"3'48"""
154,48.6,2431,9.36,170,24,"4'05"""
164.4,51.3,3490,8.84,175,29,"3'39"""
157.6,47.9,2874,8.48,160,19.1,"3'45"""
164.8,55.2,3562,8.5,170,22.1,"4'01"""
150.8,48.7,2077,9.39,142,18.4,"3'57"""
161.6,49.7,2680,8.08,180,13.1,"3'44"""
163.3,48,2352,8.91,175,19.3,"4'00"""
157.4,44.6,2626,8.49,164,15.1,"3'33"""
158.9,57.2,2810,9.11,152,17.4,"3'50"""
163.7,49.5,3216,8.4,170,17.2,"3'40"""
167.4,52.6,3170,9.22,182,23.5,"4'01"""
162.6,52.6,2423,8.61,186,15.8,"3'33"""
170.2,55.6,3777,7.97,210,27.6,"3'42"""
170.5,66.7,3477,9.97,155,15.6,"4'15"""
168.8,57.2,3757,8.69,178,12.9,"3'48"""
169.9,70.9,3638,8.28,277,15.9,"3'19"""
160,47.7,3094,8.81,174,23.6,"3'46"""
158.3,57.3,3571,8.25,190,21.3,"3'38"""
160.2,47,2890,8.56,190,24.3,"4'15"""
159.7,53.8,2626,9.22,160,2.6,"3'59"""
162.6,51,3524,8,185,26.1,"3'41"""
161.4,49.4,3414,7.3,210,28,"3'02"""
164.5,57.5,3346,9.91,165,20.7,"4'30"""
158,52.5,2857,9,182,17.4,"3'37"""
159.3,50.5,3127,8.43,188,22.2,"3'33"""
160.3,55.5,2004,8.36,149,9.6,"3'41"""
158.5,47.9,1922,8.75,176,26,"3'59"""
166.1,48,3527,8.73,170,24.1,"3'58"""
172.1,57.3,4299,8.11,208,19.4,"3'19"""
163.9,49.5,3187,8.11,170,20.1,"3'40"""
168.6,69.6,3294,9.11,175,14.6,"4'16"""
161.3,50.8,3497,8.97,176,22.4,"3'57"""
164,46.9,2704,7.91,180,23.6,"3'25"""
154.5,68.6,2278,9.46,162,19.8,"4'28"""
173.8,58.7,3043,8.96,200,21.4,"3'31"""
156.4,44,2248,9.09,155,17,"3'40"""
157,41.7,2123,9.02,175,19.4,"3'43"""
155.3,45.8,2508,8.94,170,15.5,"3'37"""
152.9,46,3518,9.41,165,14.9,"3'47"""
165.7,74.1,2754,9.11,183,25.2,"3'49"""
159.9,48.5,2816,9.3,165,14.8,"3'56"""
155.1,46.7,2928,7.6,210,21.2,"3'24"""
162.5,54.6,3202,8.41,203,17,"3'54"""
158,51.2,2481,9.59,192,16,"4'26"""
166,58.8,2108,8.76,188,16.5,"3'27"""
157.6,51.3,3127,8.43,177,28.1,"3'28"""
170.1,60.9,3052,8.4,186,23.2,"3'34"""
160,55.1,3397,8.17,185,10.7,"3'09"""
147.7,39,2167,9.17,160,16.5,"3'55"""
160,46.9,2982,9.23,178,20,"4'08"""
159.2,58.3,3268,8.69,175,21.3,"3'42"""
157.8,53.8,2968,7.52,191,23.1,"3'47"""
166,55,3301,9.8,175,11,"4'01"""
169,57.5,2427,9.36,165,6,"4'11"""
162,48,2692,9.77,160,9,"4'34"""
176,60,3644,9.51,178,14,"4'22"""
164,55,2817,8.6,165,20,"4'03"""
167,45,2415,10.11,178,10,"4'34"""
163,49,2503,9.9,150,12,"4'43"""
170,51,2588,10.3,158,7,"4'09"""
156,49.8,3222,9.69,198,8,"4'33"""
159,47,2820,9.57,180,10,"4'16"""
169,55,2713,9.43,178,20,"3'50"""
160,48,2022,9.03,170,14,"4'13"""
169,65,3496,10.03,165,14,"3'56"""
160,50,2532,9.57,169,9,"4'33"""
158,40,2750,9.81,165,12,"4'30"""
158,60,3070,10.15,170,15,"4'36"""
161,47,2306,9.02,197,16,"3'53"""
166,54,3049,8.19,206,14,"3'45"""
160,50,2525,9.76,195,7,"4'11"""
157,53,2948,8.61,192,17,"4'03"""
167,54,2713,9.58,205,14,"4'07"""
164,48,2288,9.17,168,6,"3'52"""
160,55,2912,10.23,172,21,"4'28"""
156,41,2094,10.1,178,6,"4'36"""
163,51,2863,8.5,176,15,"4'01"""
167,75,3633,10.11,165,18,"4'17"""
171,62,3492,10.21,160,24,"5'00"""
164,55,2710,9.86,155,7,"4'20"""
161,52,2670,9.6,170,15,"4'13"""
163,42,2796,8.9,185,15,"4'20"""
164,53,2560,10.1,165,14,"4'30"""
169,58,3406,9.52,172,16,"4'17"""
150,45,2182,9.64,170,23,"4'11"""
151.7,54.8,2874,9.63,170,9.8,"3'52"""
168,68,3107,9.19,182,24,"4'15"""
160,53,2375,9.24,170,10,"3'54"""
161,55,2409,9.76,178,6,"5'07"""
162.3,60.2,3456,7.91,202,17.9,"3'42"""
158,43,2971,8.9,170,19,"3'59"""
166,48,2295,9.78,175,7,"4'18"""
171,55,2784,9.69,210,20,"3'39"""
161,50,2700,8.98,188,22,"3'49"""
166,52,3130,8.05,165,15,"4'34"""
167,46,2257,9.32,200,20,"4'09"""
165,50,3223,8.72,185,23,"4'05"""
160,46,2319,9.5,170,16,"4'07"""
155,55.2,2749,9.52,172,9.3,"4'00"""
163.4,54.6,2685,9.55,160,10.8,"4'08"""
161,49,3064,9.49,180,25,"4'16"""
165,50,3503,9.4,180,23,"3'58"""
163,46,3140,9.48,185,15,"5'23"""
158,48.5,2894,9.63,175,26,"4'08"""
157,52,2533,9.55,160,18,"4'20"""
158,54,2844,8.9,158,19,"4'01"""
157,60,2980,8.69,175,15,"4'01"""
157,48,2734,9.91,168,20,"4'26"""
162,45,2714,10.7,155,20,"4'30"""
160,45,2375,9.86,170,9,"4'05"""
157.6,37,2327,9.27,188,20,"3'46"""
168.9,57.7,2802,9.08,165,17.1,"3'57"""
160,53,2589,8.9,165,15,"4'17"""
165.4,60.7,2904,9.69,175,12.5,"4'20"""
155,45,2257,9.02,159,21,"4'11"""
154,40,2232,9.9,168,27,"4'11"""
163,48,2410,9.69,170,23,"4'54"""
165,50,2827,9.47,198,16,"4'12"""
163,53,2752,10.07,180,4,"4'03"""
167,58,3418,9.5,180,26,"4'33"""
158.3,51.9,2915,9.11,165,17.9,"4'20"""
158,50,2535,9.19,198,24,"4'16"""
155,45,2674,8.69,160,14,"4'08"""
156,46,2101,9.6,155,15,"5'01"""
160,52,2473,10.08,155,16,"4'13"""
157,55,2448,10.1,159,22,"4'26"""
155,50,2939,9.63,162,20,"4'46"""
164,51,2760,8.86,198,14,"3'43"""
155,48,2217,10.6,140,12,"4'49"""
165,68.5,2851,10.35,188,16,"4'26"""
162,54,2650,9.36,198,23,"3'43"""
157,52,2484,10.08,165,18,"4'05"""
163,41,2332,9.88,155,13,"5'14"""
160,46,3100,8.94,197,30,"4'01"""
155,45,4011,8.42,196,21.5,"3'49"""
162,50,3050,8.6,178,26,"4'40"""
166.9,46.2,2926,7.43,200,17,"3'40"""
165,48,2516,9.8,168,7,"4'42"""
153,41.5,2498,8.3,170,20,"3'36"""
167,54.7,2862,8.28,182,28.8,"3'38"""
167.2,48.8,2835,9.65,172,11.4,"4'09"""
161.8,48.8,2902,8.63,195,22.6,"3'34"""
165,54,2809,8.73,190,21.5,"3'57"""
161.3,53.3,2926,8.96,183,16.5,"3'41"""
158.5,55.8,2493,8.81,173,17.2,"3'50"""
167,56,3569,9,163,12.4,"3'47"""
161.1,60.1,2920,10.3,156,11.1,"4'38"""
154.4,46.2,2173,8.73,170,22.8,"3'51"""
157.8,71.5,3223,9.4,160,19.3,"4'36"""
161.2,46.9,2453,8.23,190,18.4,"3'40"""
162.1,51.2,3062,8.76,185,20.9,"3'39"""
157.5,52.5,2885,7.7,195,23.9,"3'59"""
160.9,50.5,2839,9.11,165,1.9,"3'55"""
158.8,50.3,2977,8.02,200,14.2,"3'38"""
158.8,51.9,3155,8.19,197,20.8,"3'30"""
161.7,53.4,3037,8.78,168,14.2,"3'42"""
159.6,59.7,2869,8.59,185,25.2,"3'52"""
166.8,60.5,3274,8.06,210,22.5,"3'47"""
156.4,42.6,2292,8.91,180,10.2,"3'51"""
150.7,48.6,2998,8.34,192,15.6,"3'37"""
162,48.6,2429,8.53,165,16.2,"3'54"""
164.7,53.3,3720,7.45,193,25.1,"3'24"""
159.9,43.1,2537,8,208,19.1,"3'44"""
161.7,48.9,2759,8.23,190,8.3,"3'30"""
169.1,63.5,2913,8.33,200,12.7,"3'54"""
162,49.2,3211,8,202,20.4,"3'33"""
170.7,73.2,3584,9.03,175,18.1,"4'01"""
159.7,47.9,2466,9.11,200,30.4,"3'34"""
155.9,50.8,2944,9.4,162,19.6,"3'46"""
165.1,53.8,2819,8.73,170,12,"3'40"""
155.1,54.1,2601,9.6,169,8.6,"4'08"""
162.1,51.2,2578,8.69,200,21.2,"3'59"""
170.7,53.9,3531,9.4,168,16.8,"4'03"""
171.1,55.5,3355,9.49,190,24.3,"3'59"""
155.7,52.7,2888,8.61,180,15.1,"3'43"""
169.3,55.9,3648,8.9,175,11.5,"3'37"""
160.1,58,3447,8.69,186,18.5,"4'13"""
165.8,53.1,2751,9,195,16.2,"3'38"""
155.7,40.6,2069,9.15,175,14.2,"3'56"""
164.5,54,2409,8.36,182,19,"3'38"""
150.1,47.6,2688,8.15,182,7.6,"3'46"""
162.7,51.8,2753,9.02,185,29.8,"3'39"""
169.2,58.9,3120,8.69,192,20.9,"4'03"""
162.1,49,3206,9.03,188,25.9,"3'40"""
156,55.3,3021,7.47,184,22.1,"3'17"""
171.3,70.1,4197,9.02,190,24.9,"3'55"""
162.3,54.8,2583,9.26,160,8.4,"3'32"""
152.3,48.4,3021,8.88,180,22.7,"3'49"""
168,60.2,3530,8.42,200,20.3,"3'59"""
169.6,57.4,3350,8.01,208,21.2,"3'34"""
159.8,47.9,3307,7.63,208,14.2,"3'34"""
155.7,54.9,2832,8.01,188,15.6,"3'34"""
161.3,42.5,2424,8.21,207,16.7,"3'30"""
158.7,50.9,2885,7.57,188,18.5,"3'37"""
155.7,48,2383,8.68,170,14.8,"3'38"""
164.9,47.6,2552,9.02,160,15.7,"3'50"""
161.3,55.1,3164,8.16,180,26,"3'46"""
160.5,50.5,2521,8.99,190,13.1,"3'46"""
162.5,48.9,2333,9.23,175,16.6,"4'04"""
158.4,44.3,2932,8.77,180,14.8,"3'51"""
150.7,43.5,2467,8.71,180,19.3,"3'44"""
156.3,51.6,2797,9.51,163,18.3,"4'13"""
156.5,49.8,2475,8.52,187,18.2,"3'33"""
171.8,55.3,3604,8.69,195,10.2,"3'52"""
166.6,50.9,2909,8.68,176,15.3,"4'40"""
163.9,50,2581,8.44,192,24.6,"3'22"""
167.9,50.9,3229,8.82,170,20.2,"3'51"""
165.1,44.4,2387,8.1,195,22.7,"3'44"""
155.2,43.6,2390,8.56,206,11.3,"3'34"""
159.9,52.3,2992,9.27,170,15.4,"3'33"""
161.9,61,3333,8.1,182,13.3,"3'40"""
153.6,44,2465,9.25,152,10.1,"4'21"""
154.7,44.6,2295,9.56,185,20,"4'09"""
158.7,52.4,2546,8.69,171,24.9,"3'35"""
161.4,69.6,3337,8.57,192,16.1,"4'03"""
164.5,53.2,2533,9.08,165,15.2,"3'49"""
162.3,49.7,3139,8.5,175,13.4,"3'51"""
159.7,56.9,3133,10.02,168,14.3,"3'47"""
163.7,51.9,3956,9.42,185,16.4,"3'46"""
169.8,57.8,3652,9.4,168,14.1,"3'46"""
151,43.5,2377,9.41,168,10.4,"4'19"""
157.9,51.2,2974,9.09,170,22.2,"4'41"""
163.4,46.9,3455,9.08,180,25,"3'36"""
157.2,49,2664,8.6,170,23.3,"3'25"""
152,48.8,2396,8.86,185,22.3,"3'13"""
163.9,48.3,2750,8.19,186,20.8,"3'30"""
163.5,51.1,2536,8.8,190,20.3,"3'31"""
155.6,50,2904,8.85,160,21.8,"4'00"""
162.9,53.2,3040,9.4,150,12.1,"3'53"""
162.9,49.6,3129,9.42,155,13.3,"3'41"""
171.5,70.9,3545,8.17,186,26.2,"3'42"""
164.4,50,3503,8.1,190,23.8,"3'22"""
165.9,46.2,3081,8.74,170,6.8,"4'04"""
162.6,45.8,2900,9.24,188,21.5,"3'45"""
149.1,48.6,2307,8.67,165,10.8,"3'27"""
154.4,48.9,2554,10.08,160,12.2,"4'34"""
153.1,54.7,3469,9.71,151,16.7,"3'52"""
172.1,62.5,3400,8.94,185,14.9,"4'00"""
168.9,59.3,3473,9.5,165,20.9,"3'46"""
152.9,48.1,1959,9.81,160,18.5,"3'50"""
168.3,54.3,2708,7.89,172,5.1,"3'42"""
160.8,51.1,2625,8.78,195,20.2,"3'47"""
168,48.9,2823,8.84,190,24.9,"3'30"""
170.4,55.9,2802,8.61,163,17.7,"4'03"""
161.6,55.4,2459,9.32,180,13.8,"3'47"""
153.7,41.9,2894,8.69,158,29.3,"3'25"""
167,48.8,2432,8.42,189,24.7,"4'03"""
172.3,72.3,3678,9.11,166,22.8,"4'03"""
151.4,46.5,2542,9.48,145,21.8,"4'05"""
157.4,48.6,2528,9.65,155,6.9,"4'00"""
171.4,55,3059,8.65,180,13.8,"4'01"""
159.2,44.3,3026,8.19,178,13.7,"3'34"""
158,49.2,2528,8.73,156,17.9,"3'50"""
158.4,49.9,2718,9.39,162,21.9,"3'48"""
164.3,48.5,3041,8.96,170,27.1,"4'00"""
168,53.6,2787,8.77,155,22.6,"3'55"""
165.9,49.8,3124,8.36,182,21,"3'38"""
161.8,47.8,2375,8.72,160,9.5,"4'01"""
156.4,44.7,2788,8.67,152,13.2,"3'59"""
157.5,45.7,2733,8.36,185,5.6,"3'42"""
163.9,81,3049,8.94,177,19.4,"4'13"""
162.6,43.9,2508,8.97,192,14.2,"3'39"""
165.9,60.1,2882,9.15,158,19.2,"4'07"""
154.9,56.2,2544,10.11,130,10.2,"4'22"""
164.4,54.2,2565,8.46,175,31.1,"4'04"""
167.7,52.5,3520,8.86,176,15.3,"3'46"""
162,56.6,3437,8.19,170,11.8,"3'25"""
162.5,60.1,2751,8.86,165,17.2,"4'11"""
155.3,49.7,2847,9.21,165,21.4,"3'41"""
167.2,54.3,3044,9.68,170,19,"4'26"""
162.8,46.7,2633,8.52,176,14.1,"3'26"""
163.7,50,2941,9.77,170,7.5,"3'37"""
156.6,50.8,2477,8.74,160,16,"4'08"""
155.7,45.2,2332,9.75,158,9.4,"4'21"""
157,42.2,2628,9.02,175,17,"4'05"""
159.6,50.8,2893,8.76,198,14.4,"4'25"""
151.8,39.4,2260,9.55,162,16.1,"3'51"""
157.3,51.8,2829,9.69,158,21.8,"3'58"""
153.1,43.3,2435,9.06,155,27.2,"3'55"""
157.9,53.1,2844,8.48,175,22.4,"4'00"""
160.9,54.4,3520,8.3,186,19.7,"3'36"""
161.8,50.4,3401,9.38,175,11.1,"3'42"""
172.5,70.8,3509,9.55,145,10.1,"4'15"""
158.2,42.9,2721,9.1,170,18.6,"3'54"""
158.2,44.5,2504,8.36,188,13.7,"4'05"""
158.6,59.3,2053,9.22,166,17.2,"4'12"""
160.2,56.3,3158,8.56,200,11.1,"3'39"""
155.2,45.5,2574,10.01,185,7.1,"4'11"""
163.7,53.7,2510,8.44,193,21.6,"4'05"""
154.1,54.7,2453,8.66,160,11.2,"4'13"""
155.8,52.6,2728,9.36,165,14.2,"3'58"""
158.1,47.9,2382,7.86,214,22.8,"3'28"""
167.9,49.4,2650,9.47,170,18.6,"3'59"""
170.4,54.2,3331,7.99,202,23.3,"3'30"""
160.2,53.9,2917,8.22,180,20.9,"3'35"""
166.5,55.3,2589,9.3,171,24.3,"3'57"""
159,59,3314,9.53,158,6.5,"3'48"""
168,64.1,3609,9.64,185,25.5,"4'08"""
161.9,48,3069,9.3,185,21.3,"3'44"""
161.2,47.4,2259,10.7,152,12.7,"4'04"""
165.8,56.2,2652,8.72,182,11,"3'27"""
164.4,50.4,3538,8.59,175,34.5,"4'00"""
160.4,54.8,2973,8.94,170,14.3,"4'18"""
155.5,44.7,2789,9.27,173,23,"3'45"""
153.6,52.5,2951,9.55,168,19.4,"3'51"""
158.8,42.5,2616,8.83,180,15.9,"3'33"""
158.4,43.4,2316,9.42,153,11.6,"4'44"""
167.6,48.8,3188,8.52,170,21.4,"3'57"""
159.7,45.2,3040,7.69,196,19.4,"3'24"""
161.2,58.6,3323,8.51,168,14.6,"3'44"""
163.9,56.9,2818,9.36,188,21.3,"3'52"""
166.8,49.1,3424,9.15,175,27.4,"3'52"""
163.1,49.8,2591,8.82,183,27.9,"3'58"""
157.4,46.4,2348,9.15,170,21.4,"4'05"""
163.4,57,2955,8.18,178,13.2,"3'39"""
163.8,57.2,3091,9.17,170,19.8,"4'20"""
161,55.4,2732,10.4,178,19.6,"4'34"""
157.6,46,2534,9.11,156,8.4,"3'48"""
161.9,54,3230,8.4,180,21.7,"3'33"""
154.1,47.6,2677,8.59,175,16.6,"3'41"""
145.9,44.2,2756,8.9,184,26.8,"4'08"""
169.5,56.3,3626,8.31,210,20.4,"3'30"""
159.8,48.4,2541,9.56,190,25.5,"4'41"""
162.8,55.5,3359,7.63,195,1.8,"3'17"""
165.9,62.2,3326,7.95,198,22.2,"3'28"""
154.5,54,2209,8.11,175,10.3,"3'59"""
160.3,46.7,2088,9.11,170,24.2,"4'09"""
165.3,61,3417,8.49,193,21.6,"3'16"""
156.3,45.4,2547,9.4,155,12.8,"4'11"""
170.5,50.2,3087,8.91,170,9.9,"3'56"""
163.3,57.5,3490,8.41,190,18.8,"3'44"""
160.7,54.9,3494,9.8,156,18.2,"4'44"""
158.1,54.1,3220,9.23,183,22.2,"3'46"""
160.5,45.3,2750,9.09,165,10.2,"3'45"""
158.4,59.6,2703,9.46,164,16.3,"4'09"""
165.2,56.2,1184,10.16,155,15.1,"4'11"""
167.5,51.8,2331,9.35,166,12.2,"3'45"""
157,44.5,2105,9.19,168,22.6,"3'48"""
160.4,57,2609,9.66,162,17.1,"4'29"""
161.9,49.1,2904,9.19,180,22.3,"3'53"""
176.8,58.8,4263,9.07,180,25.4,"4'01"""
159.4,50.1,2559,9.06,172,25.8,"3'38"""
160.8,53.9,3005,8.52,172,24.7,"3'37"""
161.6,55.5,3077,9.27,170,21.6,"3'59"""
155.9,53.5,3415,8.47,188,21.3,"3'47"""
162.8,41.3,2191,8.06,200,15.6,"3'27"""
173.1,70.9,2832,8.52,170,18.6,"4'00"""
165.4,46.4,2924,8.02,197,15.3,"3'33"""
164.5,48.9,3150,9.23,181,18.6,"3'35"""
155.2,48.5,2723,8.17,190,10.6,"3'26"""
168.5,61.5,2982,9.19,155,15.8,"4'05"""
164.8,61.2,2021,9.33,155,15.9,"4'05"""
156.4,43,2641,8.74,182,10.3,"3'58"""
164.9,55.1,2393,8.69,178,19.3,"4'05"""
164.3,60,2544,9.69,162,11.2,"4'05"""
158.8,47.3,3541,9.16,168,19.8,"4'11"""
152.6,46,2892,9.43,170,19.4,"4'19"""
161,44.5,2343,9.59,164,13.1,"3'49"""
159.2,55.4,3414,8.94,175,22.1,"4'03"""
157.1,51.1,2822,8.9,190,14.8,"3'39"""
159.3,48.3,2076,7.68,188,20.5,"3'40"""
157.9,45.4,2588,8.88,188,18.1,"3'44"""
163.6,47.6,1861,8.61,190,13.8,"3'52"""
153.8,51.6,2143,9.84,155,18.5,"3'43"""
163.8,45.4,3011,8.86,188,20,"3'42"""
159.1,46.1,2248,9.08,151,22,"4'01"""
165.8,60.6,2855,8.94,170,22.2,"3'42"""
173.1,70,3472,8.49,178,11.3,"3'43"""
168.1,62,3548,8.75,176,17.2,"3'24"""
164.3,49.1,2926,7.48,205,14.6,"3'42"""
166.5,59,2918,8.88,170,18.3,"3'39"""
158.6,46.3,3120,7.75,191,13.2,"3'42"""
166.8,74.8,3248,8.53,170,14.7,"4'05"""
159.7,43.8,2317,8.49,170,22.5,"3'33"""
159,49.8,2619,9.89,160,13.8,"4'09"""
159,54.7,2963,8.1,160,4.4,"3'45"""
171.2,62.2,3205,8.57,195,18.1,"4'09"""
175.8,66.8,3550,8.63,190,8,"4'04"""
156,51,2464,10,158,14.8,"4'12"""
163.7,50.3,3265,9.72,178,26.6,"3'58"""
154.2,56,2461,9.16,160,21,"4'20"""
161.3,64.6,2482,9.35,160,16.7,"3'56"""
152.9,40.4,2316,9.34,153,13.8,"4'19"""
168.7,49.8,2112,8.06,175,12.6,"4'07"""
161.6,59.1,3062,9.65,150,22.1,"4'21"""
151.8,43.8,2457,8.18,186,22.3,"3'34"""
158.3,45,2399,8.19,180,21.6,"4'01"""
157.1,46.9,2428,8.15,180,14.6,"3'30"""
159.5,45,2262,9.05,165,12,"3'36"""
165,53.7,3161,9,160,21.6,"4'12"""
167.5,56.1,2842,9.53,180,11.4,"4'00"""
162.4,59.8,2967,9.58,146,24.4,"4'50"""
159.7,47.9,2634,8.46,184,18.5,"3'42"""
160.6,52.5,3189,9.1,165,25,"3'51"""
161.7,58.4,2835,9.26,168,17.8,"4'32"""
161.7,42.9,2524,9.17,178,13.1,"3'48"""
164.9,53.8,3354,10.59,151,13.9,"4'29"""
166.2,57,2773,9.8,186,6.3,"3'57"""
157,45.8,2221,8.8,180,13.4,"3'29"""
155.7,46.4,1873,9.36,160,7.4,"4'03"""
160.7,55.1,2444,9.33,170,18.2,"3'51"""
161.9,49.9,2620,8.41,195,13.4,"4'18"""
162.2,47.2,1904,8.92,150,18.9,"3'45"""
166.8,66.2,3355,8.61,162,17.5,"3'59"""
159.6,46.4,2588,8.8,155,17.9,"3'49"""
168.2,50.5,3271,7.7,185,25.6,"4'00"""
161.6,62.1,3177,8.8,178,23.9,"4'38"""
168.3,60.4,2526,9.28,170,19.9,"3'38"""
153.3,48.7,2899,8.88,168,12.8,"3'23"""
162.2,48.3,2549,9.3,160,17.5,"4'05"""
164.4,53.4,3303,8.41,180,16,"4'05"""
176.9,62.2,3879,8.98,178,11.9,"3'56"""
167.8,50.5,3196,8.22,180,16.6,"3'31"""
160.3,53.3,2649,8.52,172,9.6,"3'19"""
162.1,57.3,2700,7.91,180,16.2,"3'14"""
164.7,53.5,2931,8.97,166,22.8,"3'51"""
161.1,51,2533,9.09,148,15.2,"3'48"""
152.6,46.4,2522,9.02,155,16.9,"4'08"""
152.6,53.8,2908,9.44,164,27.1,"4'22"""
154.9,40.4,2267,8.68,173,27.8,"3'40"""
168.6,54.9,1640,8.82,164,26.9,"3'18"""
147.2,38.2,2446,8.39,168,16.2,"3'38"""
166.2,51.3,3370,7.97,213,11.7,"3'03"""
155.4,61.6,2563,8.72,173,16.2,"3'47"""
143.5,50.3,2349,9.81,145,17.5,"4'12"""
163.9,49.8,2658,9.83,172,10.6,"4'05"""
162.1,49.9,3154,8.82,161,17.9,"4'13"""
159.3,51,2995,8.69,170,11.8,"4'00"""
158.7,43.8,2138,8.77,168,19.2,"3'32"""
157.7,48.6,2649,8.72,190,22.2,"3'29"""
160.2,40.6,2673,8.5,155,23,"4'07"""
160.5,58.3,2841,9.11,162,18.7,"4'03"""
162.9,52.3,3362,7.93,210,21.6,"3'11"""
161.6,47.8,3249,8,190,17,"3'15"""
157.6,48.9,2841,8.56,170,8.9,"3'57"""
162.9,56.3,2882,8.59,175,23.5,"4'13"""
163.5,50.8,2628,8.83,184,25.5,"3'34"""
158,45.4,2768,8.5,180,9.7,"3'42"""
164.2,46.7,2680,8.02,194,13.8,"3'27"""
154.7,47.7,2541,9.21,163,16.7,"3'52"""
156.3,52.1,2860,8.51,162,27.1,"4'23"""
160.3,50.2,2898,8.35,175,19,"3'37"""
153.2,45.2,3139,8.38,166,19.8,"3'56"""
171.4,58,3184,8.96,153,10,"3'33"""
157,48.7,2357,8.8,170,23.4,"3'49"""
162.5,75.2,3294,10.14,155,15.9,"4'28"""
157.1,54.6,2633,9.4,155,14.1,"4'21"""
163.7,52.6,3474,8.6,190,19.1,"3'36"""
158.7,50.3,2816,9.07,175,20.2,"4'01"""
161.3,55.9,2874,8.74,173,23.5,"4'03"""
159.9,48,2845,8.68,175,13.7,"3'57"""
159.9,55.3,2989,8.83,176,14.5,"3'36"""
150.5,59.9,2383,9.77,175,25.7,"4'22"""
170.8,52.9,3117,8.94,173,27.3,"4'03"""
154.6,43.6,2578,9.4,152,10.1,"4'00"""
166.8,54.4,2821,9.33,151,25.5,"4'09"""
159.3,56.5,3157,8.67,182,11.5,"4'08"""
161.8,64.7,3177,9.53,155,18.9,"4'25"""
165,53.9,2898,7.52,210,21.5,"3'19"""
164.4,45.7,2771,9.51,165,21.2,"4'07"""
164.9,52.1,2689,8.01,175,11.1,"4'09"""
163.8,54.8,3521,9.03,160,20.1,"3'45"""
157.2,49.1,3196,9.18,180,29.4,"3'40"""
159.6,50.6,2276,9.06,165,14.9,"3'24"""
160.9,44.7,2199,9.77,152,23.2,"3'37"""
162.6,54.1,2699,8.74,165,12.3,"3'36"""
155.1,53.7,2395,9.35,160,24.6,"3'57"""
163.1,53.4,2527,8.4,168,7.8,"4'25"""
165.7,58.5,3571,9.47,155,17.5,"4'12"""
157.2,48.5,2510,8.78,170,13.3,"3'09"""
155.4,57.7,3057,8.57,178,21.6,"3'56"""
160.9,49.9,2778,8.86,176,16.4,"3'50"""
157.7,53.1,2893,9.74,158,17.4,"4'08"""
162.3,64.1,3073,9.21,151,11.4,"4'08"""
160.4,45.1,2084,8.32,178,13.6,"3'57"""
156.1,45.5,2522,8.77,160,14.9,"3'31"""
163.9,50.5,2620,8.42,195,19.1,"3'37"""
163.5,62.6,2898,8.19,170,12.6,"3'24"""
156.6,54.5,2936,8.96,270,21,"4'18"""
166,52,2696,9.58,160,15,"3'40"""
173.6,58.8,3012,7.73,194,-7.1,"3'27"""
166.4,63.1,3396,9.17,180,15.6,"3'46"""
153.9,41.1,2356,9.11,163,17.7,"3'54"""
157.3,47.9,3122,8.78,195,17.2,"3'51"""
160.8,52.1,2272,8.42,177,24.9,"3'24"""
163,47.2,3160,8.61,173,7.1,"3'40"""
162.3,52.2,2993,8.4,208,27.8,"3'39"""
165.9,82.8,3333,8.26,167,19.3,"4'18"""
163.3,51.3,3478,8.67,151,16.6,"3'44"""
154.5,47.9,3098,8.35,200,17.1,"3'11"""
164.6,51.7,3538,8.3,187,13.7,"3'10"""
170.6,53.8,2945,8.3,190,26,"3'38"""
158.5,49.6,2825,8.63,176,21.7,"3'35"""
163.6,46.9,3178,8.71,193,13.3,"4'08"""
161.2,60.1,3417,9.24,171,19.1,"4'11"""
161,42.5,2815,8.36,175,22.5,"3'37"""
177.5,75.3,3713,7.75,213,17.4,"3'37"""
161.6,48.2,2884,8.81,180,24.5,"3'48"""
164.8,50.7,2419,9.14,175,13.1,"3'47"""
167.3,53.7,3620,8.5,192,13.1,"3'31"""
162.5,52.3,3345,9.18,162,21.2,"3'48"""
171.1,50.6,3590,8.33,204,21.7,"3'38"""
155.8,50.1,2868,8.35,185,14.1,"3'35"""
163.7,51.2,3636,9.3,200,10.3,"4'04"""
162.6,47.4,2945,8.36,185,26,"3'36"""
161.8,53.2,3022,8.69,180,26,"3'23"""
156.6,45.8,2329,8.5,193,28.4,"4'09"""
154.7,48.7,2869,8.23,175,20.8,"3'46"""
156.5,47.2,2879,8.47,184,26.5,"3'32"""
156.2,50.1,3349,8.6,210,18.6,"4'00"""
169.8,68.8,3952,9.3,195,16,"4'34"""
158.6,48.4,1951,7.74,205,14,"3'18"""
166.1,68.7,3543,8.36,185,16.5,"4'04"""
161.7,57.9,3233,9.14,170,13.8,"3'47"""
168.1,66.9,3228,9.18,180,17.6,"3'48"""
168.2,61.2,4104,8.4,200,20.4,"3'24"""
155,44.5,2624,9.08,155,13.1,"4'08"""
159.6,53.2,3651,8.1,195,20.8,"3'28"""
164.1,52,3508,8.6,185,18.6,"3'43"""
157.6,56.1,3728,9.51,170,15.5,"3'57"""
160.8,47.1,2723,8.44,180,22.6,"3'45"""
154.2,48.5,2935,8.4,188,19.5,"3'52"""
164.9,53.6,3533,7.71,196,13.5,"3'24"""
160.6,59.3,3049,7.6,210,9.3,"3'21"""
155.4,57.8,2184,8.69,180,16.1,"3'34"""
161.5,44,2586,8.13,200,17,"3'28"""
152.6,42.6,2879,8.65,182,26,"3'42"""
159.9,58.4,3089,8.5,180,21,"3'58"""
160.5,54.7,3013,9.9,170,16.3,"3'45"""
165.3,56.9,2905,8.85,192,28,"4'07"""
169.6,66.9,3323,10.5,155,16,"4'22"""
168.8,55.2,3644,8.8,197,17,"3'23"""
168.2,53.3,3080,8.69,210,13.3,"3'52"""
164.4,53.6,2846,8.47,180,12.9,"4'00"""
154.1,47.9,2922,8.71,182,22.3,"3'43"""
156.1,45.1,2735,8.36,197,19.2,"3'26"""
169,55.1,3374,9.69,190,12.8,"3'55"""
167.1,52.6,3701,8.36,200,20.7,"3'26"""
163.2,53.9,2890,8.4,206,16.1,"3'29"""
164.5,55.5,2763,8.53,195,12.1,"3'33"""
164,48.7,3563,9.11,200,9.6,"3'39"""
166.2,55,2973,9,188,24.9,"4'16"""
168.3,52.6,2881,7.39,211,11.6,"3'33"""
166.3,72.6,3496,8.3,188,7.2,"3'43"""
166.6,55.3,3503,8.97,182,21.8,"3'46"""
150.9,40.3,2449,9.53,178,22.7,"3'42"""
160.4,49.3,2975,9.4,165,10.2,"3'56"""
171,54.9,3063,9.1,185,16.3,"3'49"""
155,50,2268,9.11,163,11.1,"3'47"""
169.1,68.9,3562,9.07,180,17.5,"3'45"""
171.5,47.2,3246,9,170,17.7,"3'58"""
163.9,48.2,2620,8.5,206,12.9,"3'37"""
161.8,46.4,2731,8.3,190,11.6,"3'37"""
165.2,47.5,3550,9,190,19.2,"3'38"""
163.9,51.1,3456,8.52,189,26.8,"3'58"""
171.2,57.5,3182,9.52,186,26,"3'45"""
147.1,54.2,2209,8.69,175,15.6,"3'44"""
160.2,47.9,2238,8.4,190,21,"3'38"""
162.4,51,3193,9.1,171,13,"3'55"""
162,49.5,2495,9.17,170,20.4,"3'32"""
154,54,3189,8.48,185,8.4,"3'42"""
162.3,49.2,2608,8.56,190,9.8,"3'38"""
168,50.6,3481,8.69,198,23.1,"3'47"""
161.4,58.9,2489,9.6,175,12.8,"3'44"""
160,54.7,2788,8.3,180,18.5,"3'50"""
168.2,53.6,3257,8.26,202,23.6,"3'31"""
166.3,51.5,3492,8.55,185,22.4,"3'28"""
147.5,43.9,2128,8.97,167,14.6,"3'43"""
166.5,56.1,3216,8.69,190,19.6,"3'40"""
151.9,42.3,2317,9.31,180,13.2,"3'59"""
164.6,59.4,2900,8.66,195,18,"3'46"""
161.2,51.7,2933,9.34,165,23.9,"3'40"""
162.1,55.9,2675,8.52,168,22.5,"3'35"""
166.9,61.9,3752,9.1,175,14.8,"4'05"""
158.7,46.5,3802,8.82,182,22.2,"3'38"""
164.6,53.3,3446,8.6,190,33.4,"3'35"""
160.8,46.7,3078,8.59,160,20.7,"4'04"""
163.1,51.3,2932,8.19,203,22.8,"3'49"""
160.3,54.6,3500,9.3,180,19,"4'13"""
156.5,48.5,2505,10.9,155,19.6,"4'08"""
154.5,49.9,2758,9.27,155,26.7,"3'57"""
160.2,50.2,3516,9.19,173,22.4,"3'55"""
171.1,64.8,2884,8.84,172,18,"3'27"""
164,51.5,2796,8.8,182,6.9,"3'52"""
164.2,48.7,2736,9.42,178,15.6,"3'58"""
174.8,69.5,4158,9.6,188,16.6,"3'54"""
167.3,50.1,3082,9.33,168,18.4,"4'23"""
166.5,50.8,2734,8.76,188,14.2,"3'25"""
153.9,43.2,2310,8.5,182,28.9,"3'38"""
151,51.8,2449,9.21,160,20.8,"4'09"""
154.5,45.5,2890,9.08,171,20.8,"3'39"""
155.3,55.3,3450,8.9,190,25.3,"4'19"""
152,50.6,2493,8.31,162,26.8,"3'57"""
161.9,49.7,2491,8.03,178,18.6,"3'56"""
155.2,47.8,2521,8.8,160,16.8,"3'39"""
156.2,49.7,1853,9.77,153,3.3,"3'41"""
161.4,48.2,2574,8.52,192,16.1,"3'14"""
159.9,48.4,2352,9.76,155,23.1,"4'01"""
151.7,46.1,2847,9.27,175,26.4,"3'55"""
160.3,49.8,2803,9,190,7.8,"3'43"""
158.8,58.2,2849,8.3,190,15.2,"3'54"""
161.1,57.4,3555,9.9,170,16,"4'01"""
161.8,47.1,3313,8.6,193,17.4,"3'24"""
160.6,49.1,2310,8.27,170,11.5,"3'21"""
161.9,50.3,2506,8.48,177,17.5,"3'48"""
164.3,63.8,3327,9.39,151,19.1,"4'07"""
173.2,54,3331,8.19,185,12.7,"3'55"""
158.7,45.9,3154,8.9,185,20.6,"3'53"""
163,49.2,3364,8.86,168,17.5,"3'37"""
161.8,52.3,3001,8.8,178,11,"3'42"""
160.1,60.9,3122,8.69,192,12.7,"3'39"""
163,59.1,4093,9.5,170,21.3,"3'55"""
158.4,57.5,2642,9,165,9.3,"4'01"""
159.4,47,3325,8.96,178,24.7,"3'41"""
167.3,46.6,2774,9.31,160,12.7,"3'33"""
163.8,59.9,2647,10.02,162,12.2,"4'07"""
156.7,47,3099,7.41,215,18.7,"3'44"""
159.9,55.7,3377,8.77,185,16.6,"3'50"""
159.1,41.7,2278,9.86,162,8.6,"4'09"""
161.6,51.5,2603,8.8,162,23.1,"3'56"""
158.2,47.9,2714,6.85,170,16.3,"3'59"""
169.1,50.2,2953,9.6,151,14.8,"4'01"""
158.1,47.2,2439,8.61,172,18.5,"3'29"""
157.4,49.2,2589,8.38,198,24.3,"3'50"""
174,55.2,4249,7.4,218,20,"3'23"""
162.4,51.6,3107,9.19,170,19.3,"3'50"""
166.2,53.8,2984,9.25,180,15.6,"4'23"""
166.7,48,2857,8.19,192,13.3,"3'37"""
161.6,58.9,3281,9.5,168,22.2,"3'54"""
152.5,50.3,2643,8.3,172,19,"3'41"""
157.4,50.4,2930,9.19,170,18.8,"3'59"""
168,67.8,3512,9.61,135,16.5,"4'08"""
170.6,50.6,2660,8.6,182,12.9,"3'41"""
165.9,48.3,2795,9.19,155,22.4,"3'43"""
158.1,46.3,2741,8.59,164,13.4,"3'50"""
161.5,61.1,2711,10,151,17,"3'58"""
160.4,55.1,2935,9.19,165,18.9,"3'29"""
168.6,56.9,2686,8.19,185,19.2,"3'40"""
163.4,52.5,3517,9.6,175,14.7,"4'00"""
168.8,59.3,3765,9.71,182,24.4,"4'37"""
165.3,50.3,3367,8.9,202,19,"4'04"""
159.2,58.9,3364,9.64,160,18.2,"4'25"""
167.6,45.8,2218,8.8,185,22,"4'07"""
159.8,45.6,2770,8,195,23.6,"3'37"""
164.3,51.7,3569,8.8,190,12.6,"4'01"""
163.3,47.1,2715,8.69,192,20.5,"3'27"""
160.9,64.5,3181,8.92,160,22.7,"3'38"""
162,46.7,2995,7.91,178,12.9,"3'54"""
173.9,55.9,2154,8.76,171,12.8,"3'47"""
161.2,55.6,3547,9.07,183,21.5,"3'50"""
151.5,58,2491,9.64,155,6.1,"3'56"""
161.8,50.5,3335,7.71,180,20.4,"3'27"""
154.4,46.4,2222,9.9,158,-3.5,"4'11"""
166.4,55.7,3102,10,150,27,"4'17"""
156.5,47.3,3103,9.19,160,16.6,"4'00"""
171.6,55.5,3313,8.05,192,23.1,"3'35"""
164.9,54.7,2895,9.57,160,17.8,"4'11"""
155.7,46.3,2859,8.52,180,30.1,"3'37"""
154.1,46.3,3126,9,170,20.1,"3'33"""
168.8,60.2,3550,8.61,170,23.2,"3'37"""
157.7,46.8,2614,8.25,163,10.6,"3'37"""
159.1,43.9,2553,9.64,162,20.5,"3'53"""
161.2,48.1,3355,8.64,160,18.7,"3'43"""
164.9,50.8,2873,8.81,162,9.3,"3'59"""
155.4,51.1,2232,8.9,174,3.7,"3'46"""
161.4,41.4,2413,9.26,170,2.2,"4'05"""
165.1,44.8,2361,8.3,185,7.9,"3'30"""
170.1,52.9,3324,8.71,172,14.2,"3'34"""
157.2,48,2865,9.19,165,12.6,"3'44"""
162.8,56.4,3060,8.76,195,27.8,"3'38"""
170,50.8,2474,8.76,180,20.5,"3'51"""
163.6,47.5,3033,8.72,185,14.5,"3'42"""
161.7,44.5,1957,8.9,181,13.1,"3'40"""
156.8,46.4,2466,8.71,175,19.1,"3'45"""
168.7,52.2,3130,8.51,200,17,"3'42"""
153.3,47.5,2752,8.47,196,22.6,"4'05"""
167.3,59.2,3535,9.1,170,19.9,"3'25"""
155.7,48.7,2619,8.74,160,19.4,"3'32"""
161.8,60.4,2817,8.51,178,12.6,"3'34"""
167.7,48.6,2859,8.5,180,17,"3'30"""
164.8,54.1,3270,8.92,170,17.2,"3'40"""
161.5,54,3068,9.3,162,19.7,"3'34"""
166,53.8,3438,9.26,175,21.8,"3'38"""
159,48,3004,9.68,235,14.3,"3'56"""
169,59.9,2827,9.01,187,11.7,"3'53"""
154.2,42.2,2415,8.9,175,19.1,"3'46"""
166,57,2652,9.02,170,17.6,"4'11"""
154.9,41.3,2444,8.68,170,15.7,"3'37"""
174.5,65,3475,8.64,190,24.9,"3'50"""
158,58.5,2947,9.24,165,11,"4'13"""
161,51.1,3182,9.01,178,24.2,"3'33"""
169.6,55.6,3378,8.8,182,3.8,"3'28"""
159.3,45.6,2815,9.28,160,11.8,"3'53"""
164.2,48.2,2258,9.19,180,16.3,"3'52"""
171.9,70.3,3374,8.77,164,22.7,"3'47"""
164.6,49.4,3030,8.84,168,15.4,"3'39"""
169,52.6,3511,8.86,180,20.1,"3'40"""
166.6,51,2996,9.01,156,12.9,"3'52"""
166.4,57.4,3147,8.89,160,27.9,"4'22"""
169.4,65.8,2940,9.25,161,11,"3'51"""
168.7,60,3716,9.6,168,21.5,"4'11"""
159.6,46.2,3291,8.1,195,20.1,"3'40"""
158.2,50,2928,8.52,155,19.4,"3'45"""
174.4,61.6,3436,8.69,183,11,"3'47"""
166.7,48.8,2037,9.57,156,12.4,"3'51"""
171.6,62,3580,8.02,181,20.4,"3'46"""
155.7,60.8,3317,9.13,165,15.4,"4'04"""
161.2,56.7,2952,9.23,160,14,"4'04"""
152.4,45.4,3913,9.8,160,21.6,"3'51"""
155.8,38.4,2648,8.69,185,19.5,"3'28"""
165.3,50.8,3215,8.69,208,21.1,"3'36"""
160,46.7,2811,8.11,172,23.7,"3'33"""
164.8,59.6,3598,9.22,152,26.9,"3'57"""
157.8,48.6,2863,8.55,174,12,"3'28"""
163.7,64.8,3533,8.9,170,19.4,"4'05"""
160.5,47.4,2576,8.76,175,22,"3'42"""
160,46.3,2825,8.48,191,22.5,"3'31"""
160.5,53.8,3266,8.9,162,20.8,"3'52"""
176.8,56.7,3138,8.52,183,6.1,"3'28"""
158.8,51.7,3154,9.14,182,18.2,"3'48"""
156.7,43.8,2492,8.11,174,17.6,"3'34"""
160,44.4,2412,9.31,167,4.8,"4'23"""
162.8,53.9,2877,9,151,20.6,"4'09"""
150.7,43.4,2483,9.19,170,26.9,"4'30"""
163.6,63,3420,8.6,180,18.2,"3'55"""
154.5,52.9,2750,8.84,163,21.1,"3'43"""
164.4,55.2,3736,9.6,165,21.3,"4'34"""
168,48.7,2865,9.14,173,18.5,"3'33"""
154.9,46.6,2271,8.63,164,12.6,"3'40"""
161.1,52.5,2408,8.32,188,8.1,"3'19"""
170.1,51.4,3299,9.02,180,22,"3'47"""
159.1,48.5,3123,8.43,170,24.2,"3'59"""
165.6,56.8,2841,9.17,197,22.7,"3'35"""
157.8,38.9,2033,8.61,175,1.1,"3'25"""
163.2,56.6,3006,9.43,165,22.7,"3'56"""
160,67.8,2982,9.16,160,18.9,"4'15"""
158.4,42.9,2221,9.21,170,20.8,"3'47"""
153.2,48.2,2673,9,185,18.5,"3'43"""
160.2,47.8,2965,9.44,160,13.4,"3'42"""
160.5,44.6,2861,8.8,180,15.4,"3'54"""
160.7,48.6,3341,8.93,190,11.9,"4'04"""
162.1,77.9,3165,10.51,165,20.3,"4'57"""
156.3,52,3797,9.1,140,10.8,"4'24"""
167.9,60.8,2996,8.63,172,19.6,"3'41"""
149.7,47.9,3130,9.9,140,17.5,"4'17"""
165.6,51.5,2963,9.4,170,15.6,"4'09"""
166.1,52.3,2632,9.15,191,11.9,"3'40"""
168,50.9,2890,9.08,172,26.3,"3'57"""
162.3,55.5,2555,9.08,170,20.5,"3'41"""
163.5,53.5,3362,8.07,196,23,"3'33"""
159.3,41.8,2118,8.72,180,19,"3'50"""
164.5,61.3,3034,9.73,170,19.1,"4'15"""
146.4,40.7,2388,7.81,180,13.9,"3'24"""
156.6,53.7,2474,9.27,173,18.7,"3'55"""
159,51.1,3416,9.6,150,16.3,"3'48"""
164.5,51.2,2433,8.77,207,19,"3'37"""
151.9,40.4,2557,7.93,167,13.6,"3'43"""
164,56.8,2724,9.4,165,16.7,"4'08"""
157.6,49.5,2955,8.24,158,14.2,"3'31"""
168.6,54.8,3330,8.5,172,19.4,"3'40"""
163.2,52.1,3238,7.31,192,21.4,"3'28"""
159.5,47.8,3135,8.5,160,19.3,"4'05"""
166.6,60.9,3295,8.66,210,12.5,"3'56"""
154.7,44.6,2531,8.77,182,10.3,"3'41"""
165.3,43.4,2623,9.3,160,15.3,"4'01"""
158.3,48.6,2967,8.51,176,17.8,"3'49"""
164.4,51.6,3919,8.66,155,23.9,"3'48"""
164.3,52.7,3196,8.81,178,15.8,"3'47"""
170.2,50.1,1809,8.19,178,28.6,"4'05"""
159.7,48.2,2722,8.48,188,22.8,"3'49"""
158.3,48.8,2628,8.89,166,13.4,"4'00"""
160.5,49.1,2560,9.11,178,18.9,"3'35"""
160.3,55.2,2937,9.39,165,27.2,"4'00"""
154.5,56.7,2428,8.32,185,23.9,"3'46"""
164.5,48.7,3219,9.1,173,14.6,"3'49"""
165.3,49.8,2919,9,170,10.2,"3'39"""
170.7,54.5,3295,8.86,170,12.4,"4'05"""
153.8,43.6,2568,8.41,183,21.6,"3'37"""
159.3,44.1,2590,8.3,200,27.1,"3'29"""
166.1,53.6,3064,8.67,175,15.4,"4'01"""
157.1,43,2716,8.17,192,19.4,"3'26"""
163,45.1,3168,9.5,161,15.4,"3'50"""
157.4,42,3328,9,160,23.2,"4'24"""
155.5,43.5,2686,8.68,194,17.2,"3'51"""
160.9,52.4,3043,9.38,165,19.2,"3'37"""
168.4,50.4,3190,8.39,190,16.4,"3'34"""
159.2,62.3,3497,8.9,183,18.2,"3'45"""
156.3,51.7,2167,9.77,153,17,"3'58"""
171.5,59,2795,9.18,177,22.6,"4'01"""
160,54.5,2781,8.9,160,7.6,"3'33"""
165.1,49,2285,10.11,145,13.9,"3'53"""
170.7,67.6,4253,9.4,160,21.7,"3'52"""
146.7,38.5,2449,9.55,158,14.9,"4'19"""
152.2,46.5,2649,9.97,155,23.1,"4'30"""
161,45.2,2791,9.19,160,13.3,"3'41"""
157.7,47.3,2409,7.5,178,16.9,"3'44"""
163.9,59.2,3586,9.66,162,14.6,"3'52"""
172.5,54.2,2975,9.13,181,19,"4'07"""
159.6,57.9,3409,8.4,205,23.9,"3'42"""
155.3,43.9,2754,9.5,172,9.7,"3'58"""
163.6,58.5,3505,9.53,165,19.7,"4'43"""
165.7,64.3,3400,8.92,167,13.8,"3'44"""
157.6,49.2,3333,8.32,190,19.1,"3'55"""
163,52.5,3156,9.17,170,19.3,"3'39"""
163.7,51.7,3426,8.03,182,5.1,"3'49"""
159.1,44.2,2599,8.8,155,19.7,"3'52"""
161.5,46.1,3181,9.07,170,15.8,"4'03"""
161.3,46.2,2221,8.1,170,9.2,"4'07"""
162.2,59.6,3251,9.4,180,21.2,"4'12"""
157,55.6,2529,9.19,163,27,"4'07"""
169.5,57.4,2411,9.47,160,17,"4'24"""
153,45.2,3390,8.5,180,24.8,"3'41"""
158.8,44.9,3005,8.5,200,24.7,"3'39"""
155.8,44.7,2471,8.3,203,21.8,"3'59"""
162.2,44.1,2381,10.1,170,7.1,"3'42"""
168.1,56.9,3565,8.69,197,29.6,"3'31"""
168.9,63,3776,8.5,180,20.7,"3'59"""
165.3,52.8,2799,8.77,190,26.7,"3'56"""
167,55.5,2559,8.83,162,21.6,"3'49"""
173.2,62.5,3246,8.66,190,20.2,"3'45"""
162.2,49.7,2581,9.19,180,10,"4'04"""
149,39.3,2988,8.6,181,16.4,"3'28"""
166.6,59,3077,8.77,170,19.7,"4'05"""
167.4,52.4,3267,8.97,170,17.4,"4'05"""
165.4,55.5,2892,9.27,160,19.4,"4'04"""
157.6,53.8,2611,8.69,175,24.2,"3'51"""
162.6,50.6,2232,8.76,183,12.6,"4'01"""
162.1,50.7,2594,8.4,188,14.2,"3'58"""
169.5,53.2,2657,8.5,180,17,"3'42"""
173.4,53.8,3307,9.09,173,23.6,"3'44"""
158.4,54.4,2705,9,160,13.7,"3'57"""
160.4,55.2,3502,8.9,170,28.4,"3'52"""
153.8,44.9,3219,8.5,182,17.8,"3'25"""
163.6,53.7,3257,9.17,190,20.6,"3'53"""
161.8,50.1,3326,8.8,183,15.4,"3'46"""
163.1,51.8,2621,9.18,171,7,"3'38"""
157.7,56.4,3408,9.1,172,17.6,"3'40"""
160.4,55.5,3329,8.69,165,10.3,"3'45"""
159.6,55.4,2751,8.6,180,16.9,"4'08"""
161.2,53.1,3500,8.14,170,7.1,"3'35"""
162.8,59.8,3470,7.53,195,22.1,"3'28"""
164.5,61.2,2479,9.17,175,24.3,"4'30"""
160.5,71.6,3206,8.48,182,26.2,"3'49"""
159,54.9,3340,9.27,158,25.1,"3'54"""
162.3,44.8,2071,9.4,175,18.6,"3'41"""
163.1,65.7,2894,9.8,178,15.1,"3'58"""
161,47.7,2442,8.69,188,23.8,"3'34"""
157.1,45.7,2738,8.06,178,21.8,"3'45"""
157.3,48.9,3034,9.11,182,19.8,"3'26"""
159.6,56.1,3156,8.51,178,18.2,"3'55"""
157.8,65.3,3216,8.98,160,13.8,"4'00"""
161.1,46.4,2400,8.48,175,26.5,"3'41"""
167.8,51.6,3482,9.56,165,25.5,"4'01"""
161.9,53,3095,8.8,190,25.4,"3'44"""
166.8,58.6,3498,9.03,168,25.4,"3'40"""
165.5,48.5,2415,8.59,170,16.9,"3'45"""
165.2,49.4,2605,8.4,190,26.3,"3'41"""
161.2,46.6,2655,8.75,182,11.4,"3'40"""
156.6,45,2460,9,173,18.1,"3'57"""
170.4,56.2,3542,8.42,195,12.6,"3'50"""
159.2,61.7,3458,9.3,165,14.4,"3'56"""
154.1,44.6,2313,8.71,190,24.5,"3'36"""
161.1,49,2959,8.73,168,20,"3'21"""
161.4,49.3,2906,8.94,160,23,"3'44"""
160.9,49.6,3058,9.13,180,19.1,"3'46"""
158.6,50,3183,8.8,173,22.4,"3'44"""
159,54.6,3442,9.5,165,14.1,"4'01"""
169.4,56.7,3959,7.98,182,24.8,"3'43"""
157,46.3,3247,9.56,155,2.6,"3'48"""
149,46.8,2842,8.86,160,27.7,"3'42"""
164.1,52.3,3047,8.32,180,6.7,"3'25"""
158.6,47.8,3123,8.23,190,14.2,"3'56"""
159.3,44.9,2817,8.09,195,16.6,"3'31"""
158,45.2,2983,8.3,170,17.5,"3'22"""
159.7,53.1,3423,9,168,12.6,"3'52"""
161.6,57.7,3503,9.3,170,6.2,"3'44"""
167.7,51.6,2463,9.38,175,13.7,"3'49"""
155.9,45.6,2285,9.09,165,18.3,"3'40"""
155.9,51.2,2825,9.6,160,15.3,"3'46"""
163.4,49.6,2717,7.8,195,24.1,"3'24"""
162.4,59.3,3051,9.21,163,18.4,"3'31"""
161.6,54.1,2501,8.41,196,12,"3'51"""
145.7,44.2,2981,8.56,162,18.9,"4'11"""
176.9,84.5,3686,9.52,158,13.4,"4'00"""
167.3,49.8,3264,8.6,179,10.9,"3'19"""
166.5,53.6,3396,7.74,185,14.9,"3'26"""
162.2,70.8,3469,8.19,208,20.6,"4'03"""
158.6,41.3,2773,9.3,160,16.8,"4'08"""
164.8,62.5,3031,8.8,182,20.2,"3'56"""
155.1,43.2,2623,8.85,165,24.3,"3'36"""
154.2,45.1,2556,9.59,148,23.6,"4'32"""
158.2,50.1,3158,7.87,180,14.3,"3'30"""
160.5,54.8,3056,8.19,180,20.3,"3'51"""
164.7,58.2,3516,8.33,190,26.2,"3'52"""
155.5,50.1,2737,8.43,170,18.7,"3'31"""
161.1,58.7,3063,8.42,188,19.4,"3'41"""
169,62.4,3073,8.56,180,25.4,"3'49"""
159.4,47.6,2723,7.84,158,10.9,"3'36"""
161.2,50.5,3507,8.6,188,25.7,"3'38"""
164.5,47.5,2892,8.13,205,15.7,"3'05"""
161.4,47.4,2135,7.96,204,16.8,"3'17"""
156.8,51.3,2742,8.69,162,12.4,"4'20"""
167.3,55.5,3674,9.31,185,23.2,"3'43"""
166.3,53.2,3260,8.9,172,23.3,"3'45"""
161.1,52.2,2828,8.65,182,24,"3'51"""
159.9,50.2,3157,9.83,168,14.4,"4'15"""
162.2,50,3415,8.42,185,15.7,"3'36"""
153.5,46.5,2743,9,180,21.7,"3'53"""
154.5,44.5,3253,9.39,155,22.8,"3'55"""
169.1,75.3,3569,9.19,170,12.8,"3'59"""
159.5,51.7,3514,9,160,12.1,"4'03"""
160,45.8,2597,8.69,170,9,"3'40"""
158.3,41.8,2806,9.08,190,13.2,"3'58"""
157.2,53.8,2599,8.86,165,20.5,"3'52"""
174.4,59.9,3194,8.8,178,17.1,"3'59"""
168.2,58,3205,8.8,181,27.7,"3'33"""
152.8,51.3,2731,8.56,172,20.3,"3'32"""
154.2,45.6,2830,9.22,155,20.2,"4'01"""
170.7,54.6,3349,8.8,188,15.2,"3'38"""
155.7,45.3,3097,8.69,180,13.2,"3'42"""
166.6,51.1,3270,8.35,190,16.5,"3'28"""
159.5,42.7,2639,8.28,195,7.5,"4'13"""
166,51.7,3144,8.1,207,10.6,"3'35"""
156,44.8,2727,8.8,162,8.7,"3'42"""
160.8,54.4,2552,9.4,165,24.7,"3'59"""
164.6,68.7,2976,8.71,166,14.2,"4'00"""
166.8,60.1,3425,8.43,170,22.9,"3'39"""
156.4,45,2857,8.3,195,15.3,"3'23"""
166,51,3146,7.9,210,16.2,"3'20"""
168.8,51.4,2672,8.75,172,14.6,"3'48"""
158,50.8,2551,9.68,160,22.2,"4'11"""
160.1,55.3,2866,8.53,160,20.8,"3'51"""
161.8,60,3290,8.69,188,22,"3'27"""
157.9,57.5,2935,9.01,165,14.4,"3'45"""
156.1,46.3,2809,10,145,24.9,"4'09"""
161.7,54.4,2913,11.92,154,20.2,"4'09"""
158.2,57,2797,8.39,192,13.3,"3'34"""
162.5,47.1,2526,9.69,170,19.5,"4'03"""
165.4,62,3153,9.65,165,10.1,"4'04"""
161,45.1,2946,8.83,190,16.8,"3'46"""
165.9,47.7,2929,8.3,170,17.6,"3'29"""
158.4,60,3016,8.19,180,16,"3'45"""
161.6,39.7,3340,8.9,175,11.7,"3'48"""
161.8,55.8,2997,9.3,153,22.5,"4'09"""
164.3,48.5,3325,6.7,175,24.2,"3'30"""
159.5,51.6,2879,9.4,170,17.5,"3'43"""
158.4,47.8,2848,8.97,165,17.7,"3'37"""
166.2,57.5,3169,9.3,152,5.9,"3'52"""
155.9,43.7,2964,9,170,18.8,"3'54"""
168.4,50.7,3309,8.3,202,17.2,"3'46"""
162.9,49.5,3244,8.56,192,12.9,"3'55"""
165.9,64.8,3217,8.49,190,19.7,"3'30"""
149,47.8,2923,9.5,165,20.6,"3'57"""
162,48.2,3171,8.38,190,27.5,"3'54"""
164.6,56.8,4275,9.19,180,21.9,"3'50"""
166.6,56.4,3311,8.89,180,21.4,"3'36"""
153.6,44.9,2724,8.84,182,20.5,"3'46"""
169.2,60.9,3801,8.68,178,13.2,"3'39"""
159.8,49.3,2612,7.49,192,26.4,"3'39"""
165,50,3160,8.92,182,6.4,"3'52"""
167.1,52.4,2767,8.77,165,19.6,"3'42"""
156.6,44.7,2543,8.25,165,18.2,"3'42"""
160.7,65.1,2644,9.13,150,5.4,"3'50"""
162.2,51.6,6314,8.96,170,18.9,"3'51"""
160.4,57.4,3192,8.53,170,13.5,"3'58"""
167.5,60.9,2632,9.89,160,18.8,"4'09"""
167.3,48.8,3085,8.8,185,11.6,"3'51"""
161.3,53.7,3360,9.86,163,11,"4'07"""
167.1,57.2,3831,9.4,170,21.2,"4'09"""
161.1,45.7,2962,10.23,151,19.7,"4'32"""
159.1,44.7,2398,9.02,155,26.7,"3'44"""
158.9,55,3306,8.64,155,25.1,"3'32"""
161.1,58,3484,9.5,145,25.3,"3'51"""
155.4,47.6,2895,9.19,175,14.3,"3'43"""
155.7,60.1,2762,8.61,160,17.2,"3'43"""
159.7,52.4,3193,8.19,190,13.2,"3'02"""
168.1,57.4,3379,9.32,155,7.1,"4'04"""
161.3,52.8,3074,8.76,180,20.4,"3'45"""
156.5,45.5,2603,8.86,175,10.7,"4'01"""
164.4,58.2,3098,8.19,207,20.6,"3'20"""
162.9,53.7,2693,9,150,12.8,"4'09"""
166.1,60.5,3859,9.69,178,12.1,"3'51"""
164.2,54,2405,8.76,155,23.9,"4'09"""
167,52.5,2694,9.02,173,15.6,"3'23"""
154.3,51.1,2959,8.02,160,26.9,"3'49"""
158.7,51.5,3006,9.23,182,17.8,"3'43"""
164.5,56.4,2963,9.73,153,14.5,"4'08"""
160.6,47.1,2212,9.46,153,17.8,"3'57"""
155.3,45.4,2988,9.27,168,10.9,"3'25"""
156.7,44,2219,9.55,160,12.9,"4'07"""
167.6,59.1,3686,8.08,180,25.8,"3'33"""
163.2,56.2,2559,8.89,160,22,"3'56"""
167.3,47.7,2984,9,180,16.7,"3'53"""
157.6,49.1,2702,8.24,198,17.6,"3'21"""
157.7,45.9,2911,7.49,210,20.5,"3'37"""
154.3,47.2,2678,8.9,170,21.1,"3'55"""
161.9,49.2,2925,10.14,170,18.1,"4'15"""
162.5,55.6,3355,7.96,175,14,"3'34"""
171.9,60.3,3615,8.9,178,23.7,"4'44"""
170.8,55.8,2777,8.97,200,22.1,"3'30"""
154.9,44.1,2675,9.67,153,20.7,"3'46"""
156.2,53.2,2484,8.88,150,11.4,"4'01"""
158.8,63.7,2722,9.5,162,18.7,"3'49"""
156.4,67.7,2242,10,158,22.3,"4'16"""
160.6,52.9,3174,8.05,186,19.4,"3'22"""
166.9,51.4,3114,8.23,185,11.4,"3'29"""
163.7,48.4,2930,8.68,172,24.6,"3'34"""
158.7,44.5,3260,8.3,168,-9.1,"3'47"""
160.5,51,2721,7.65,210,9.2,"3'34"""
158.7,48.4,2944,8.66,168,21.5,"3'33"""
158.5,51.2,3181,9.01,180,12.7,"3'26"""
159.7,49.6,3132,8.55,180,15.1,"3'49"""
164.1,76.9,3059,9.19,170,20.1,"4'00"""
163.7,55.3,3167,8.48,183,27.4,"3'53"""
164.1,47.3,3075,8.3,190,17.6,"3'31"""
146.6,56.8,2982,8.73,183,19.6,"3'57"""
154.7,47.6,2047,9.43,152,19.9,"4'30"""
170.9,62.7,3606,8.4,180,16.4,"3'26"""
163.3,58.6,3152,8.18,185,19.3,"3'44"""
158.7,44.6,2775,8.44,185,11.5,"3'22"""
160.4,52.7,2862,7.86,188,18.2,"3'38"""
163.1,52.1,3458,8.8,170,29.1,"3'50"""
158,56.9,2518,10.08,163,7.6,"3'46"""
164.8,54.1,3136,8.69,180,18.1,"3'31"""
161.2,51.1,2982,7.99,178,13,"3'22"""
158.2,56.7,3201,9.26,153,10.3,"4'20"""
160,46.8,3045,8.4,175,18,"3'16"""
150.9,46.5,2786,8.36,162,17.7,"3'36"""
159.1,41.9,3067,8.8,185,18.1,"3'40"""
160.4,46,3050,8.69,168,15.1,"3'28"""
154.3,42,1850,9.1,153,4.6,"4'01"""
168.5,52.1,3617,8.93,180,15,"3'46"""
159.6,52.9,3178,8.9,190,22.2,"3'54"""
160,51.3,2836,7.95,195,15.5,"3'20"""
165.8,65.9,3560,8.82,198,19.2,"3'39"""
164.3,55.3,2674,9.84,165,25.5,"3'59"""
167.8,48.6,3525,8.39,190,26.1,"3'27"""
161.3,44.6,2834,8.6,183,10.1,"3'57"""
159.4,56.6,2722,9.01,195,25.3,"3'52"""
174.5,54.4,3003,8.44,185,16.4,"4'08"""
169.6,58.8,3703,8.24,188,21.3,"3'28"""
155.9,44.8,2887,9.28,165,27.5,"3'57"""
158.3,45.4,2354,9.19,171,17.1,"3'58"""
161.5,55.2,2726,9.31,170,28.3,"3'37"""
155.4,43.8,2502,8.21,180,17.5,"3'37"""
161.7,45.3,2851,7.9,210,25.8,"3'32"""
163.6,42.8,2309,8.44,180,17.5,"3'35"""
172.1,56,3505,7.76,195,22.4,"3'17"""
153.7,51.9,3090,8.53,175,20.8,"3'41"""
156.1,56.6,2985,8.11,178,22.1,"3'26"""
162.1,41.6,2514,8.5,200,7.5,"3'17"""
160.3,61.1,2772,8.63,173,21.1,"3'37"""
161.6,48.2,2956,8.3,193,16.1,"3'33"""
168,41.2,3522,8.69,202,18.8,"3'47"""
162,54.5,2824,8.19,182,16,"3'50"""
161.4,53.1,2834,9.21,193,18.5,"3'53"""
152.6,48,2639,9.43,170,20,"4'21"""
157.3,51.3,2783,8.36,176,16.4,"3'20"""
157.9,63.2,2535,8.94,155,18.2,"3'39"""
162.9,47.6,3739,9.42,155,12.6,"4'13"""
160,52.9,2875,8.82,200,13.4,"3'32"""
157.1,50.2,3032,8.9,155,23.1,"4'12"""
153.9,48.4,2841,9.46,175,19.6,"3'44"""
160.4,47.7,2633,8.75,170,6.3,"3'15"""
158.4,56.4,3012,8.3,185,18.7,"3'31"""
152.8,48,2439,9.01,151,24.1,"3'42"""
157.7,48.7,3301,9.1,180,22.3,"3'45"""
158.5,44.2,3117,8.17,195,25.4,"3'11"""
162.9,55.6,3362,8.26,195,18.4,"3'18"""
160.5,49.5,3622,8.5,202,17.9,"3'16"""
156,43.6,2561,8.47,196,22.1,"3'53"""
161.2,43.5,2234,8.71,178,12.6,"3'41"""
165.5,46.6,3287,8.98,180,17.4,"3'56"""
153.8,43.9,2662,8.64,190,25.3,"3'41"""
167.4,56.5,3368,8.4,185,26.1,"3'27"""
158.5,60.2,2709,10,152,14.1,"4'11"""
156.6,52.4,3141,9.69,185,17.7,"4'48"""
160.6,56.5,3046,9.19,188,16.1,"3'39"""
152.2,47.4,3060,8.52,175,25.8,"3'31"""
161.4,51.8,2987,9.44,164,19.5,"3'52"""
162.9,52,2966,8.69,195,24.2,"3'44"""
164.1,47.9,2938,9.02,165,11.7,"3'55"""
167.8,63.5,3722,9.36,165,25.9,"3'55"""
155.3,51.6,2729,9.1,178,14.8,"3'14"""
157.2,42.3,2832,8.42,182,11.4,"3'39"""
158.8,46.6,2743,8.57,160,26.3,"3'55"""
169,56.2,3321,7.8,182,19.7,"3'32"""
166.4,73.7,2868,9.11,180,24,"3'27"""
164.8,51.3,2662,8.6,145,-6.7,"3'49"""
162.1,47.7,2608,9.98,152,22,"3'54"""
160.8,50.4,3120,9.09,182,19.5,"3'39"""
171.4,60.7,2987,10.15,170,13.6,"4'24"""
174.4,63.1,2903,10.77,155,16.1,"4'05"""
162.9,50.9,2810,9.11,173,7.3,"4'01"""
159.7,46.2,3543,9.19,153,12.9,"3'53"""
162.9,46.5,3485,8.32,186,21,"3'31"""
164.4,46,2599,8.02,202,22.3,"3'39"""
165.7,70.2,3188,9.9,160,17.5,"4'20"""
154.7,43.7,2340,9.42,172,13.5,"3'29"""
160.4,43.4,2366,8.26,182,16.2,"3'35"""
159.1,47.1,2532,8.71,178,19.9,"3'49"""
166.3,53.2,3943,9.4,188,18.7,"3'34"""
166.4,52.8,3733,9.5,187,16.2,"4'05"""
167.9,54.4,3151,8.8,195,22.7,"3'56"""
161.4,47.7,3067,8.33,190,17.1,"3'39"""
158.3,45.2,2763,8.6,170,6.8,"4'04"""
166.4,48,2660,8.91,185,12.5,"4'09"""
164,64.1,2975,9.9,162,15.3,"4'17"""
156,46.9,2798,8.47,180,14.6,"3'50"""
162,49.6,3209,8.8,172,21.8,"3'45"""
156.6,44.5,2595,8.5,170,19.9,"3'08"""
159.1,55.7,3141,8.19,195,23.5,"3'42"""
169.4,62.1,3238,8.19,195,18.1,"3'39"""
146.1,41.2,2711,8.72,165,16.7,"3'25"""
165.6,56.7,3010,9.06,170,21.8,"4'04"""
165.6,65.3,2921,8.11,175,7.8,"4'13"""
165.1,51.8,3129,7.9,202,12,"3'57"""
156.5,42.2,3025,8.8,182,12.3,"3'49"""
169.3,59,3543,9.1,175,22,"4'01"""
160.2,56.3,3140,9.23,175,18,"3'53"""
156.6,55,2841,8.69,160,11.4,"4'03"""
158,52.4,2254,9.69,165,9.9,"4'19"""
152,47,3327,9.19,170,18.9,"4'09"""
156.1,47.4,2733,8.93,180,19.1,"3'38"""
160.2,59,2748,8.78,170,2.6,"3'50"""
151.9,47.3,2071,8.9,170,14.4,"3'42"""
159.7,49.4,3206,8.32,178,12,"3'39"""
149.8,56.2,3221,8.6,175,13,"4'22"""
162.4,51.3,3385,9.31,176,18.2,"3'40"""
159.6,47.5,2944,9.52,162,24.2,"3'58"""
161.7,61.7,2810,8.8,165,17.2,"3'47"""
169.6,56.2,3526,8.4,195,22.6,"4'12"""
151,39.7,2332,8.9,170,26.3,"3'47"""
162,51.5,3298,9.6,165,25.4,"4'09"""
164.1,45.5,2972,8.64,190,20.4,"3'48"""
150.2,42.1,2245,8.81,165,23.2,"3'34"""
157.6,51.2,2666,8.53,176,16.2,"3'13"""
161.1,49.2,2816,8.77,188,24.9,"3'53"""
161.3,56.5,3418,9.1,190,24.2,"3'53"""
156.5,40.4,3068,9.44,166,12.8,"3'51"""
161.8,47.5,2013,7.84,178,19.9,"3'44"""
155.1,47.3,2947,8.68,188,16.4,"3'28"""
169.6,61.5,3270,7.74,210,4,"4'18"""
145.5,47,2970,8.9,165,15.1,"3'45"""
161.5,58.1,3012,9.19,160,18,"4'03"""
161.9,53.2,3170,8.63,170,12.4,"3'36"""
168.7,52.4,3364,8.36,202,11.1,"3'38"""
159.9,44.4,3089,8.59,170,12.7,"4'36"""
162.6,48.6,2177,9.8,170,21.8,"4'09"""
164.3,55.7,3620,8.6,180,15.3,"3'50"""
150.2,42.3,2299,8.96,152,15.5,"3'41"""
159.3,50.9,3022,8.69,178,26.1,"3'37"""
171.3,57.8,3914,8.4,190,22.7,"3'42"""
153.8,45.7,2598,9,170,13,"3'36"""
145.3,36,2268,8.42,175,15.3,"3'17"""
158.4,54.7,2488,9.53,152,20.5,"3'51"""
155.8,52.2,2680,8.48,175,16.5,"3'36"""
159.7,49.5,2842,9.1,168,14.1,"3'23"""
170.2,65.8,3502,8.51,176,16,"3'54"""
168.7,58.5,3554,8.92,153,12.1,"4'01"""
154,52.3,2994,9.69,155,23.8,"4'12"""
156.4,46.6,3339,9.3,178,17.7,"3'54"""
161.5,52.2,2860,9.5,182,15.2,"3'57"""
170.9,50.8,3178,8.4,184,24.9,"3'31"""
170.1,58.1,3568,7.98,170,18.3,"3'27"""
159.8,49.1,3240,8.19,208,25.6,"3'08"""
164.2,62.8,3542,9.38,165,17.5,"4'04"""
156.7,46.4,2295,9.58,156,21.9,"4'00"""
160.6,58.9,2945,8.16,177,16.4,"3'21"""
161.5,50,3090,8.56,182,20.4,"3'40"""
154.8,59.4,2855,9.18,170,16,"3'57"""
160.5,49.7,3169,8.58,181,19.6,"3'44"""
157.7,39.9,2122,8.8,167,16.8,"3'40"""
155.2,51.6,3781,9.4,150,21.4,"3'55"""
154.9,56.6,2366,9.44,160,20.9,"4'45"""
162.9,48.1,2612,8.36,184,14.6,"3'39"""
168.5,62.7,3142,9.89,158,26.9,"4'07"""
172.6,62.1,3603,8.65,194,17.5,"3'25"""
166.5,51,3614,8.1,207,16.4,"3'20"""
162.5,50.8,2095,8.43,170,14.6,"3'23"""
164,46,2448,8.63,180,30,"3'57"""
169,62,3179,8.3,184,28,"3'25"""
161,46,2524,10.19,170,12,"4'46"""
166,51,2754,9.31,155,13,"3'57"""
153.1,50.3,2932,8.64,186,12,"3'53"""
173,56,3442,8.98,170,14,"4'09"""
169,51.5,2560,10.3,160,10,"4'22"""
165,47,3121,9.48,160,20,"4'23"""
158,50,2862,9.66,170,10,"4'15"""
163,62,3123,9.82,160,10,"3'49"""
163,45,2255,10,165,25,"4'08"""
167,51,2828,8.19,200,29,"3'29"""
168,54,4395,9.74,160,17,"4'01"""
160,46,2775,9.71,150,13,"4'36"""
155,44,2269,9.73,140,4,"4'34"""
165,58,3461,9.36,170,23,"3'59"""
161,46,2296,8.76,145,6,"3'51"""
155,47,2973,10.22,160,10,"4'11"""
163,55,2919,8.22,210,14,"3'35"""
160.5,48.6,2704,9.67,153,18.9,"3'44"""
160,46,2829,8.9,165,29,"4'13"""
162,55,3500,7.5,200,11,"3'45"""
162,51,2330,10.25,160,1,"5'04"""
153,38,2558,9.3,180,22,"3'57"""
160,55,3554,9.73,180,21,"4'22"""
163,49,2700,9.94,160,12,"3'46"""
163,45,3038,9.86,170,14,"4'18"""
163,49,3052,9.21,190,17,"3'44"""
164,54,3276,7.66,175,35,"4'55"""
161,46,2211,9.21,192,30,"3'42"""
163,50,2482,8.35,170,16,"3'33"""
158,52,3227,9.38,185,20,"3'27"""
160,50,3199,9.82,195,23,"3'53"""
163,51,2799,9.48,185,10,"4'13"""
164,51,3210,8.44,185,23,"3'34"""
162,47,2452,9.1,195,27,"3'36"""
172,60,2884,7.52,200,26,"3'30"""
168,49,3279,9.6,175,17,"3'43"""
163,51,2574,10.3,180,10,"3'42"""
161,39,2575,9.6,180,26,"4'01"""
165,50,2544,9.71,190,18,"3'43"""
160,45,3061,9.92,165,8,"4'04"""
160,50,2853,8.36,165,24,"3'40"""
169,47,2849,10.85,170,24,"4'13"""
163,51,2299,9.1,190,29,"3'48"""
168,54,2672,9.19,135,21,"4'09"""
162,52,2912,9.9,150,25,"4'11"""
169,69,3288,10,160,13,"4'18"""
165,52,2698,7.84,160,12,"4'29"""
160,50,2848,8.81,170,21,"4'08"""
165,55,3726,8.51,160,13,"3'37"""
164,56,3228,9.4,175,14,"4'13"""
155,45,2000,9.05,180,18,"3'48"""
170,52,3452,9.19,190,18,"3'50"""
168,62,3343,10.23,200,20,"4'20"""
160,41,3357,9.8,180,21,"4'17"""
160,51,2819,9.8,160,12,"4'11"""
177,69,3471,7.98,180,18,"3'55"""
165,50,2302,9.3,165,6,"4'34"""
168,60,2732,9.65,160,17,"3'57"""
170,58,3400,8.8,185,15,"4'00"""
155,51,2554,9.27,160,13,"4'26"""
163,48,2623,9.81,180,18,"4'01"""
163,52,2898,10.86,160,10,"4'29"""
159,44,3248,9.75,165,30,"4'03"""
159,49,2077,8.92,170,17,"3'35"""
161,45,2606,9.57,160,30,"4'01"""
165,46,2794,9.96,160,19,"3'53"""
164,48,2502,9.77,170,20,"3'50"""
164,52,2457,9.57,180,30,"4'05"""
163,55,2642,10.25,150,15,"4'33"""
167,54,2632,8.19,170,18,"4'12"""
168,60,3106,9.02,170,30,"3'34"""
162,56,2442,9.22,165,20,"3'38"""
161,45,2305,9.56,170,10,"3'50"""
160,42,2226,10.42,155,8,"4'08"""
166,50,2500,8.5,185,12,"3'51"""
165,49,2194,9.92,170,12,"3'41"""
160,67,2561,9.13,170,24,"4'08"""
160,44.5,2660,8.94,170,13,"4'16"""
161,58,2646,9.02,160,26,"4'34"""
165,48,2158,9.52,160,25,"3'56"""
165,47,2615,9.1,165,10,"4'00"""
159,48,2000,8.94,170,21,"3'29"""
169,56,3326,9.08,180,16,"3'46"""
160,63,2858,9.85,160,15,"4'13"""
170,61,2560,9.59,160,16,"4'05"""
160,47,3071,9.44,190,17,"4'15"""
157.4,50.4,2911,9.53,158,18,"4'05"""
152,48,2320,9.96,165,14,"4'22"""
157,41,2587,10.42,165,14,"4'04"""
166,56,2459,8.96,155,30,"4'24"""
171,58,2995,9.97,180,15,"3'59"""
167,59,3042,9.93,175,15,"4'05"""
162,60,2314,9.65,150,12,"3'49"""
158,48,2975,10,180,35,"4'08"""
172,53,3107,9.11,190,15,"3'33"""
162,50,3208,8,170,17,"3'38"""
163,55,2495,9.24,170,10,"5'00"""
174,59,3069,8.34,200,14,"3'48"""
162,59,2949,8.4,160,16,"4'08"""
163,47,2861,8.5,170,25,"3'39"""
163,53,3352,9.94,180,22,"3'46"""
168,52,2510,9.52,170,23,"4'08"""
172,55,3382,9.11,179,35,"4'21"""
156,41,3856,9.77,160,19,"4'04"""
163,52,2937,9.38,190,30,"3'47"""
168,55,3181,9,195,8,"4'24"""
158,46,2218,9.75,160,22,"4'09"""
169,59,3263,8.63,185,17,"3'37"""
161.1,48.2,3465,8.5,200,12.6,"3'31"""
161.6,58.3,3947,9.8,170,16.1,"4'08"""
166,59.4,3697,7.7,168,31.3,"3'53"""
158.8,52.2,2209,8.43,175,4.4,"3'51"""
163.7,44.7,2452,8,160,16,"3'51"""
165.3,51.9,2123,8.69,178,18.3,"3'42"""
161.8,47.3,2277,9.9,162,12.2,"3'57"""
170.3,49.2,2333,9.1,210,24.4,"3'36"""
155.3,46.2,2445,9.14,165,24,"3'48"""
157.5,41.6,2845,8.8,170,7.1,"4'07"""
157.5,45.4,2365,8.86,190,14.6,"3'32"""
163.9,51.3,2840,9.69,163,8.9,"4'03"""
157,47,2626,9.66,165,30,"3'54"""
161.1,53.2,2638,8.96,170,8,"3'55"""
157.9,51.3,2738,9.26,170,10.5,"3'52"""
161.9,51,2457,9.1,168,18.1,"3'54"""
159.7,56.1,3345,8.8,180,25.1,"4'34"""
156,42.9,2634,8.19,188,17.7,"3'53"""
168.1,50.3,3080,7.97,185,12.1,"3'45"""
156.2,57.9,3024,8.68,178,17.7,"3'46"""
160.2,44.7,2895,9.1,180,12.1,"3'53"""
166.7,55,3932,8.26,185,11.1,"3'43"""
158.8,49,2820,9,151,18.2,"3'47"""
164,55.9,3447,9.26,180,19.2,"4'13"""
168.3,48.3,2766,8.97,200,12,"4'17"""
174.1,52.7,2703,9.3,182,5.2,"3'59"""
162.2,56.1,2669,8.8,190,18.7,"3'44"""
159,57.2,3552,9.4,165,15.4,"3'54"""
160.2,47.6,2522,10.01,153,19.4,"4'20"""
155.3,49.4,3183,8.5,195,17.4,"3'37"""
167.2,65.7,3374,8.97,156,17.5,"3'57"""
166.2,52.1,2816,8.3,183,14.9,"3'32"""
164.4,53.4,3356,9.15,163,10.6,"3'49"""
159,48.9,2926,9.23,173,9.7,"3'48"""
164.4,48.3,3173,8.3,198,21.6,"3'48"""
167.9,52.8,3012,9.26,187,14.4,"3'51"""
155.2,61.2,2913,9.3,155,5.3,"4'17"""
164.8,61.1,3027,10,178,13.8,"3'48"""
158.3,45.6,2678,9.69,140,18.1,"4'13"""
162.6,45.7,2649,8.74,182,19.7,"3'49"""
153.8,55.4,2835,8.64,160,14.8,"4'33"""
164.8,44,2469,10,171,19.9,"3'43"""
162.5,49.9,2374,9.6,155,15.9,"4'01"""
159.1,52.3,2823,8.6,207,24.6,"3'42"""
164.7,58.8,3732,8.69,180,22.3,"3'45"""
147.7,48,2724,8.94,178,24,"3'58"""
161.6,51,3337,8.6,205,18.9,"3'50"""
161.5,53,2700,8.8,180,10,"3'47"""
165.3,66.2,3901,8.69,178,22.7,"3'41"""
163.9,50.4,2731,8.9,188,8.8,"3'44"""
162,52.7,3049,8.99,155,26.6,"3'34"""
161.7,51.4,3327,8.69,168,24.6,"3'45"""
169.6,49.6,3549,7.9,205,25.8,"3'36"""
163,62.4,2944,8.8,166,7.2,"3'45"""
162,68.2,3426,9.75,185,9.4,"4'07"""
163.3,49.5,2994,9.6,178,17.6,"3'47"""
163.7,61,3236,8.51,182,26.9,"3'48"""
163.7,51.8,3003,10.19,165,10.1,"4'30"""
167.9,59.2,3061,8.61,172,13.1,"3'56"""
162.2,49.9,2839,9.41,160,23.1,"4'30"""
158.2,47.5,3579,8.1,190,23.9,"3'34"""
161.2,50.5,2883,8.19,172,21.3,"3'45"""
163.2,50,3118,9.07,172,17.1,"3'53"""
155.2,68.6,2431,8.5,172,15.2,"4'00"""
166.9,69.6,3650,9.3,162,10.8,"3'41"""
162.4,62.8,3525,8.92,160,13.2,"3'54"""
158.6,47.2,2899,8,205,25.3,"3'26"""
157.8,50.8,3174,9,162,20.9,"4'01"""
164.8,46.7,3017,9.02,180,23.7,"3'48"""
165.5,56,3671,9.6,163,15.4,"3'57"""
169.8,51.6,3630,9.3,178,17,"3'42"""
163.4,53.1,3695,9.1,178,21.3,"3'56"""
152.3,42,2450,9,160,15.2,"3'55"""
161.2,50.4,2851,9,188,19.5,"3'48"""
160.9,52.2,2930,8.69,190,21,"3'56"""
168,52.6,3569,7.9,198,24.6,"3'33"""
159,40,2971,9.5,155,20.4,"3'58"""
164.2,63,2956,9.1,195,24,"3'42"""
162.5,52,3165,8.53,173,6.2,"3'34"""
163.9,48.1,3778,8.85,190,21.3,"3'53"""
162,68.3,3615,8.94,181,17.2,"3'43"""
174.7,49.9,2681,8.44,190,11.7,"4'12"""
163,49.8,2906,7.9,190,19.8,"3'29"""
158.9,40.9,2504,9.6,160,15.7,"3'53"""
164.7,61.2,3385,8.19,197,13.6,"3'49"""
161.2,51,3177,9.03,165,25.9,"3'56"""
164.7,57.2,3206,9.1,178,27.1,"3'41"""
161.8,46.6,2806,8.9,172,17.1,"3'33"""
153.6,43.8,2372,9.85,171,17.1,"3'56"""
156.3,61.4,2884,9.26,160,20.2,"4'00"""
158.6,50.4,3442,7.8,205,23.4,"3'27"""
152.5,48.3,3186,9.4,168,24,"3'58"""
162.9,63.4,3782,9.5,167,28.3,"3'56"""
157.2,52.8,2907,8.94,190,22.3,"3'37"""
158.8,69.5,2949,10.01,165,8.2,"4'05"""
160,52.2,2778,8.5,168,10,"3'41"""
159.4,54.2,3007,7.76,185,13.6,"3'27"""
167.2,70.6,2490,8.4,175,20.6,"3'47"""
165.8,51.4,2665,8.96,176,10.6,"3'39"""
166.1,53.1,3210,9.31,175,13.4,"4'01"""
161.9,53.2,2640,8.61,180,24.3,"3'59"""
158,48.3,2611,8.46,192,26.1,"3'37"""
155.7,48.6,2112,8.36,183,12,"3'49"""
160.6,48.8,1851,7.86,185,16,"3'35"""
161.4,44.8,2927,8.25,182,11.3,"3'29"""
165.7,51.4,3210,8.64,185,6.1,"3'49"""
165,48.1,2030,9.22,160,14.1,"3'58"""
161.7,57.6,3677,8.55,165,12.9,"3'50"""
168.6,67.1,3033,8.56,135,20.6,"4'03"""
157.7,52.3,2380,8.86,184,20.6,"3'43"""
167,54.5,3312,8.9,165,18,"3'40"""
165.7,51.7,2583,9.3,172,4.2,"3'51"""
151.9,45.5,2399,8.85,170,15.8,"4'09"""
163.6,46.3,2700,9.71,173,13.2,"3'40"""
157.8,49.7,3221,9.49,178,14.4,"3'42"""
164.2,50.9,3364,8.94,180,23,"3'51"""
162.3,62.4,3108,8.99,173,19,"3'44"""
152.9,40.2,2604,8.6,180,26.9,"3'39"""
170,53.1,2987,9.03,203,21.3,"3'50"""
154.8,64.6,2602,9.3,160,27.7,"4'08"""
155.5,48.5,2387,9.77,160,18,"3'56"""
164.9,48.5,3079,8.66,162,-6.8,"4'13"""
151.6,41.4,2484,9.42,155,9.9,"3'56"""
149.1,39.9,2097,9.72,150,17.4,"3'49"""
161.8,57.8,3401,7.33,201,19.8,"3'21"""
158.9,50.3,2897,9.77,156,16,"3'48"""
161.4,52.1,2763,9.5,168,25.1,"3'39"""
159.3,50.3,3368,9.06,178,20.2,"3'46"""
162.8,48.3,2395,9.06,174,9.9,"3'38"""
167.5,47.3,3151,9.09,156,18.8,"3'48"""
162.5,58.5,3201,8.16,183,21.4,"3'16"""
164.1,79.1,3007,9.99,162,14.4,"4'55"""
156.1,42.2,2425,8.88,175,19.6,"3'28"""
163.9,49.8,2223,8.94,160,14.5,"3'59"""
160.6,52.3,3116,8.14,198,12.6,"4'01"""
159.2,55.2,2792,9.51,155,14,"4'33"""
164.8,57.8,2773,8.66,151,4.5,"4'05"""
162.7,48.4,3311,8.24,183,22.6,"3'47"""
169.4,56.4,3913,9.21,175,10.9,"3'43"""
156.3,64.5,1795,8.34,180,14.5,"3'48"""
165.2,59.6,3564,7.81,172,19.6,"3'35"""
174,73,3573,9.8,152,12.6,"3'50"""
168.7,64.4,3416,8.51,180,18.4,"3'35"""
158,47.9,2860,9.14,155,17.1,"3'45"""
156.8,59.5,3676,10.8,162,10.7,"4'48"""
155.1,44.7,2715,9.19,165,11.7,"3'35"""
152.6,48.3,2541,9.77,151,17.1,"4'01"""
167.1,55.7,2242,8.48,190,12.1,"3'58"""
161.8,48.8,2365,9.21,180,13.8,"3'51"""
154.7,43.7,2642,9.43,162,9.4,"3'49"""
158.9,45.5,2636,8.88,172,16.9,"3'54"""
163.5,55.6,3128,8.18,170,20.7,"3'37"""
157.4,52.2,2945,9.39,163,27.1,"4'23"""
163.4,51.3,2832,8.74,182,22,"3'53"""
161,53.2,3464,8.76,178,23.6,"3'48"""
165.8,50.6,3217,9.5,157,18.3,"4'16"""
163.7,46.8,3104,8.17,188,17.3,"3'34"""
161.8,47.2,2730,8.5,184,10.5,"3'39"""
162.4,55.6,3059,9.16,180,6.6,"4'00"""
158.1,50.1,2848,9.24,185,18,"4'00"""
165.2,50.5,3256,8.59,185,13,"3'38"""
167.5,60.1,3435,8.69,160,16.9,"3'37"""
162.1,51.7,2484,9.44,170,24,"3'51"""
162.6,47.8,2290,9.01,158,-4.9,"3'41"""
157.5,49.4,2848,8.74,182,20.5,"3'50"""
167.6,53.1,2842,9.46,158,20.9,"3'51"""
156.1,46.6,2644,8.86,190,25.4,"3'58"""
161.1,56.1,3091,7.84,180,19.5,"3'22"""
161.5,48.9,2223,8.74,170,14.1,"3'28"""
169.3,50.7,2618,9.56,162,9.7,"4'20"""
164.6,69.8,3079,8.98,155,13.1,"4'13"""
162.5,61.8,3569,9.16,158,17.4,"3'56"""
166.6,64.9,2920,9.44,165,14.1,"4'09"""
169.1,43.3,2249,9.11,187,11.3,"3'52"""
152.9,42.8,2764,8.5,185,26.9,"3'40"""
166.4,51.9,2700,8.5,192,10.8,"3'49"""
168.2,53.3,3045,9.46,170,7.9,"4'04"""
156.9,46.3,1234,8.69,171,27.3,"3'43"""
162.3,42.1,2885,8.52,203,4.1,"3'22"""
164.1,53.5,2850,8.92,180,23.1,"3'30"""
169.2,51.6,1567,8.46,190,26.5,"3'40"""
165.3,50.1,2389,8.4,190,8.1,"4'07"""
157,50.1,3214,8.52,192,24.7,"3'00"""
162.8,50.7,2796,9.03,192,24.8,"3'56"""
157.2,46.7,2978,8.25,202,10.3,"4'09"""
162.6,52,3247,8.44,203,28.9,"3'27"""
165.9,50.2,3203,8.51,180,25.7,"3'57"""
160.4,50.9,3255,9.03,170,24.5,"3'40"""
160.1,46.2,721,9.26,170,19.7,"3'57"""
168.1,54.9,2726,8.86,202,21.7,"3'46"""
158.1,50.1,2614,9.41,152,16,"3'49"""
157.2,46.1,2290,8.96,168,5.1,"4'03"""
168.5,63.5,2791,8.48,170,18.5,"3'51"""
170.7,49.7,2939,9.5,180,20.6,"3'50"""
156.6,43.2,2071,9.8,153,10.2,"3'50"""
160.2,53.1,3152,9.13,175,28.1,"3'50"""
163.7,68.6,3520,9.84,160,11.8,"4'05"""
154.3,47.3,2716,8.4,182,19.3,"3'43"""
160.4,52.5,2973,9.4,157,12.8,"4'22"""
168.3,55,3134,8.74,180,24,"3'26"""
156.8,47.8,3145,8.64,185,18.4,"3'44"""
158.8,63.2,2871,9.21,160,11.6,"3'46"""
166.5,55.5,2119,8.66,195,12.8,"3'57"""
168,54.8,2988,9.16,188,11.4,"3'44"""
158.5,49.8,3446,8.81,175,19.9,"4'07"""
161.7,55.7,3189,9.66,174,20.7,"4'05"""
162.6,52.2,2679,8.11,162,12.9,"3'38"""
152.8,46.8,2655,8.92,170,13.8,"3'44"""
154.5,41.3,2340,8.19,174,24.2,"3'49"""
155.7,48.7,2580,8.72,155,19.8,"3'39"""
171.4,52.6,3637,9,180,10.3,"3'50"""
164.3,50.2,2609,8.98,175,25.1,"4'08"""
156.3,49.1,2681,9.19,170,23.4,"3'48"""
160.8,46.6,2700,8.27,177,16.2,"3'38"""
167.9,60.4,3126,9.51,160,28.1,"4'00"""
165.1,49.8,2064,8.64,180,13.2,"4'20"""
165.8,54,3106,9.02,175,9.1,"3'37"""
161.9,56.5,2618,8.68,193,23.2,"3'30"""
152,76.1,2418,9.43,170,15.7,"4'38"""
157.7,50.4,3219,7.82,200,19.3,"3'52"""
163.5,57.7,3101,9.1,181,17,"4'23"""
153.3,45.3,2477,8.52,178,22.5,"3'31"""
165.5,50.2,2814,9.38,166,-7.8,"4'22"""
167.2,48.9,2767,8.8,180,10.6,"3'59"""
153.6,49.8,2494,8.66,165,11.4,"3'59"""
158.6,65.5,3148,10.02,140,7.8,"4'23"""
164.9,61.7,3515,9.13,163,15.1,"3'47"""
153.2,45.5,3017,8.61,165,19.1,"3'40"""
160.4,54.4,3051,8.8,178,15.3,"4'01"""
162,43.1,2457,8.83,165,26.6,"3'48"""
160.8,45.3,2967,8.6,151,11.1,"3'33"""
165.6,58.6,3171,9.27,170,21.8,"3'45"""
149.4,51.6,2512,8.77,163,10.8,"3'44"""
162.6,49.4,2981,9.92,165,14.8,"3'39"""
163.9,50.7,3090,9.1,162,6.9,"3'46"""
161.8,49.2,1922,9.09,151,3,"4'00"""
165.6,69.1,3720,9.73,152,12.1,"4'09"""
166.1,48.5,2946,8.25,180,9.4,"3'25"""
158.3,44.9,2818,9.31,174,17.6,"3'40"""
161.7,49.4,2668,8.99,152,22.4,"4'15"""
154.4,48.2,2799,8.6,163,11.7,"3'34"""
163.7,58.6,2775,8.94,183,14.3,"3'38"""
160.4,78.4,3476,9.3,168,14.8,"4'23"""
166.5,59.4,3011,9.18,172,19.1,"3'44"""
160.1,50.9,2895,8.77,185,8.5,"4'01"""
159.1,52,2965,9.24,155,15.4,"3'57"""
167.9,71.6,3024,8.97,170,19.8,"3'51"""
167.5,68.9,2816,8.83,180,9.8,"3'45"""
164.3,50.7,3253,8.71,170,17.4,"3'33"""
156.1,53.8,2378,8.89,165,23.1,"3'36"""
153.1,44.3,2016,8.99,172,15.6,"3'41"""
153.5,44.5,2831,9.02,165,5.2,"3'54"""
163.9,61.2,2826,8.92,150,24.8,"3'51"""
160.7,50.7,2884,8.52,165,13.8,"3'48"""
159.1,57.2,2538,8.47,180,17,"3'42"""
153.7,49,2573,8.63,180,22.6,"3'21"""
166.9,44.1,2113,8.28,190,10.4,"3'45"""
156.4,45.1,2385,9.03,180,15.6,"3'53"""
164.9,52.3,3328,9.6,160,2.4,"4'03"""
153.4,50.6,3227,9.26,168,17.3,"4'05"""
165.4,52.5,2776,8.52,175,-0.5,"4'04"""
166.3,53.4,3434,8.66,186,6,"3'29"""
164.7,46.7,2751,9.08,151,15.6,"3'52"""
160.9,54.7,2582,9.59,175,25.2,"3'56"""
156.8,45,2427,8.1,190,8.9,"3'32"""
163.5,44,2631,8.92,187,29.3,"3'52"""
156.9,48.8,2642,8.74,170,21.4,"3'47"""
155.9,44.5,2517,8.4,181,13.2,"3'50"""
155.6,47,2518,8.01,190,10.5,"3'46"""
173.6,70.3,3864,7.99,172,15.6,"4'09"""
169.8,49.3,2940,7.53,225,14.9,"3'14"""
165.5,58.1,3111,8.96,163,16,"3'42"""
155.3,47.8,2313,9.18,176,23.8,"4'01"""
166.2,51.8,3610,8.69,192,23.1,"3'55"""
171.2,67.2,4216,9.3,181,20.9,"4'12"""
163.5,55.7,3558,9.19,188,20.6,"3'52"""
162.2,71.8,3123,8.46,186,16.2,"4'08"""
161,47.9,3266,9.25,170,16.2,"4'00"""
171.5,62.7,3151,9.13,183,20.2,"3'33"""
164.4,62.6,2730,9.1,182,7,"3'53"""
154.4,46.5,3042,9.8,158,14.2,"3'44"""
162.2,47.7,2874,8.19,182,14.4,"3'35"""
158.5,43.5,2673,8.49,185,26.9,"3'40"""
166.4,44.5,2733,8.9,185,12.5,"3'47"""
149.8,52.4,2078,10.19,165,13.8,"4'12"""
156.6,59.8,3198,9.28,166,19.7,"3'46"""
147.6,40.2,2781,8.02,180,14.2,"3'31"""
164,54.4,3081,8.9,187,18.1,"3'44"""
156.4,45.1,3050,8.97,186,17.4,"3'47"""
162.5,59.4,3164,9.6,170,23.1,"4'01"""
167.2,50.3,3422,9.19,173,22.6,"3'41"""
166.1,53.6,2682,8.19,198,20.9,"3'21"""
160.9,73,3526,10.19,150,19.6,"4'32"""
166.1,58.3,3060,9.1,195,14.8,"4'08"""
157.6,49.9,2413,8.86,188,22.5,"4'00"""
157.1,49.5,2857,8.27,175,21.1,"3'36"""
154.3,45.4,2907,8.52,170,21.8,"3'46"""
160,47.1,3439,8.6,192,11.1,"3'42"""
157.8,54.5,3268,8.1,192,14.4,"3'47"""
162.6,52,3752,8.8,170,11.4,"3'48"""
163,57.7,3099,9.6,175,15.8,"4'11"""
158.1,48.4,2037,8.93,182,22.7,"3'54"""
155.1,47.7,2610,8.82,170,13.8,"3'56"""
159.3,52.2,2937,9.44,172,22.8,"4'07"""
160,45.3,2982,8.8,180,12.1,"3'00"""
162.2,53.9,2979,8.5,201,10.2,"3'49"""
160,52.2,2785,9.19,168,24.7,"3'57"""
158.9,42.8,2303,9.19,155,17.8,"3'49"""
166.9,51.9,2808,8.36,194,17.2,"3'54"""
158.9,46.2,2221,10.24,160,17.5,"4'00"""
164,54.5,3439,8.52,185,27.2,"3'30"""
163.1,47.1,2652,8.74,190,20.8,"3'39"""
157.5,48.4,3734,8.11,190,15.8,"3'32"""
158.7,47.3,2870,9.09,160,13,"4'05"""
157.3,50.5,2601,9.32,152,12.5,"3'55"""
169.2,61,3375,9.08,190,19.1,"4'13"""
172.8,57.2,2947,8.97,185,25.9,"3'58"""
162.4,50.5,2127,9.68,170,11.5,"4'24"""
165.6,45.2,2916,9,170,31.1,"4'38"""
163.9,51.5,3005,9.1,180,21.2,"3'58"""
166.5,44.5,2895,8.1,188,9.4,"3'42"""
150.4,40.7,2945,9.6,165,17.9,"3'59"""
163,52.3,2759,9.16,177,23.6,"3'48"""
154.4,43.9,2334,8.77,162,10.1,"3'33"""
164.8,41.5,2357,8.15,182,13.6,"3'40"""
167.4,52.2,2842,8.01,182,12.7,"3'31"""
159.6,48.3,2408,8.8,180,19.4,"4'09"""
166.6,51.7,2717,7.88,190,0.5,"3'47"""
152.5,58.7,2657,7,161,14.7,"4'17"""
166.7,55.6,3564,8,205,25.7,"3'30"""
164.3,52.7,3192,10.02,163,12.1,"4'09"""
158.1,45.6,2129,8.11,200,12.1,"3'27"""
166.2,53.5,2809,9.26,173,16.7,"3'51"""
157.8,46.1,3144,8.82,200,19.3,"4'11"""
166,54.8,2607,8.23,178,8.8,"3'23"""
163.4,45.6,3416,8.75,160,16.4,"3'53"""
155.4,44.1,2572,9.11,168,20.6,"4'01"""
155.6,45.8,2860,8.55,193,22.5,"4'01"""
171,49.6,2502,9.44,175,6.4,"4'07"""
154.2,51.2,3095,8.69,180,13,"3'41"""
164.3,60.4,3674,8.35,200,27.4,"3'45"""
165.9,49.9,2823,8.42,192,22.1,"3'42"""
165.6,49.5,3535,8.4,180,15.8,"3'34"""
165.6,61.2,3888,8.8,160,18,"4'22"""
168.9,53.2,3308,10,160,21.2,"4'02"""
164.8,50.2,2507,8.3,198,20.2,"3'23"""
151,39,2672,9.1,170,16,"3'42"""
164.5,56.1,2505,9.94,160,20.3,"4'21"""
168.2,54.2,2746,8.93,193,24.7,"3'48"""
155.7,54.5,2851,9,155,8.8,"3'53"""
163.9,64.3,2791,9.19,173,21.2,"4'03"""
163.9,58.1,3452,9.19,165,19.2,"3'56"""
158.8,52.1,2644,8.94,185,14.8,"3'39"""
160.1,56,2805,8.9,160,19.7,"3'46"""
156.9,40.9,2756,8.3,185,6.6,"3'42"""
155.1,46.1,2525,9.41,148,7.7,"3'39"""
160,44.5,2443,8.19,190,10.7,"3'45"""
161.5,47.7,2981,8.4,197,16,"3'41"""
159.5,63.3,2603,9.21,174,11.4,"3'42"""
168.2,47.4,3033,9.01,165,14.3,"3'56"""
167,58.8,3178,8.86,182,12.2,"3'47"""
158.5,55.2,2366,9.74,152,13.4,"4'13"""
152.8,39.5,2511,9.35,175,11.2,"3'43"""
165.6,48.4,2744,9.02,160,16.3,"4'03"""
159.4,47,3047,9.8,160,10.3,"4'04"""
163.1,49,3954,7.61,197,9.5,"3'31"""
157.8,47.2,2134,8.55,180,12.8,"3'42"""
165.8,63,3028,8.75,163,12.8,"3'20"""
163.6,42.7,2191,8.44,198,6.7,"3'42"""
166.9,61.8,3455,8.96,170,15.2,"3'54"""
158.4,49.8,2790,8.85,169,20.9,"3'52"""
161.3,47.3,3175,8.19,170,10.7,"3'59"""
169.9,51.9,3014,8.9,165,13.9,"4'01"""
163.7,40.4,2247,9.69,163,24.2,"3'48"""
151.3,43.2,2162,8.73,180,19.9,"3'44"""
162.5,61.4,3107,8.94,170,20.7,"3'55"""
168.5,64.1,3369,8.36,174,20.9,"3'49"""
165.6,61.9,2776,9.41,190,8.1,"4'12"""
176.6,62.5,3325,8.69,170,13.4,"4'03"""
161.8,48.3,3141,9.19,165,13.4,"3'47"""
162,50.3,2345,8,187,16,"3'48"""
170.7,56.5,2749,8.4,195,10.7,"3'53"""
150.6,46.1,2720,9.02,175,22.7,"4'00"""
166.2,49.6,3355,8.6,192,24,"3'43"""
163.3,54.8,2404,9.5,170,22,"4'26"""
166.2,58.2,3256,8.1,190,16.3,"3'43"""
159,49.8,2504,9.06,170,22.4,"4'00"""
173,51.6,3329,8.66,192,20.5,"3'37"""
163.5,55.9,2692,8.23,172,14.3,"3'40"""
152.7,46.6,2385,8.68,153,18,"3'38"""
151.7,63.2,3127,8.46,205,15.2,"3'24"""
161.1,39.4,2935,8.6,202,20.7,"3'36"""
157.6,46.6,2480,8.3,180,27,"3'48"""
156.3,48.9,2689,9.5,165,23.8,"4'09"""
170,51.2,3552,9.06,170,25.8,"3'44"""
161.2,51.8,2484,9.65,153,13,"4'05"""
156.2,52.1,2460,8.4,165,11.3,"3'59"""
160.4,50.8,2546,8.91,183,23.4,"3'49"""
153.7,51.1,2977,9.6,160,17.9,"3'58"""
161.6,41.9,2374,9.03,175,12.3,"3'45"""
155.7,43.5,3038,8.8,185,14.4,"3'37"""
160.6,62.9,2325,9.9,155,16.6,"4'09"""
159.4,44.3,2394,8.3,182,17.1,"3'33"""
166.5,48.4,3171,8.9,188,19.7,"3'41"""
164.8,53.7,3159,8.5,190,11,"3'52"""
166.2,48.2,3773,9.19,170,21.8,"3'41"""
155.2,47.1,3281,7.38,185,17.3,"3'27"""
153.4,45.7,2633,9.13,191,19.7,"4'07"""
159,47.5,2922,9.19,162,11.9,"4'13"""
166.1,50.8,2865,8.19,190,22.8,"3'33"""
155.6,54.8,3124,8.67,180,15.3,"3'35"""
164.1,49.1,2881,9.8,155,15.9,"4'13"""
161.1,50.4,3221,9,155,22.7,"3'52"""
165.6,51.1,2464,8.6,158,8.2,"3'42"""
164.1,48.6,3273,8.82,190,25.4,"3'49"""
166.3,62.4,3455,9.01,172,10.2,"3'50"""
159.2,54.2,2761,8.4,175,25,"3'46"""
155.7,54.6,2450,9,185,18.6,"3'44"""
156.7,51.3,2593,8.3,200,22.4,"3'29"""
166.7,55.6,2773,8.14,206,22.7,"3'31"""
162.9,61.4,2861,8.3,188,13.8,"4'30"""
154.9,43,2399,8.39,192,12.5,"3'30"""
171.3,61.6,3109,9.11,152,14.1,"3'42"""
156.6,49.2,2725,9,165,19.1,"4'01"""
160.1,50.8,2993,8.36,180,16.5,"3'42"""
157.5,44.9,2985,9.4,165,21.8,"3'42"""
164.4,43.5,2232,8.77,160,6.5,"3'38"""
159.3,46.5,2924,9.31,170,19.8,"4'21"""
160.8,63,2709,8.93,170,11.9,"3'38"""
157.5,50.7,3526,9.4,180,20,"3'49"""
159.8,47.8,3088,8.6,182,14.9,"3'50"""
162.1,46.8,3099,9.1,188,9.9,"3'51"""
158.6,50.9,3484,9.48,153,16.5,"4'09"""
157.5,48.4,2564,9.46,160,18.5,"4'20"""
155.4,42.2,2753,8.52,194,13.3,"3'23"""
158.4,52.9,2590,8.77,162,15.3,"4'00"""
156.3,46.4,2950,9.66,151,21.2,"3'57"""
172.7,57.3,3067,8.42,190,12.6,"3'27"""
157.7,45.9,2246,8.77,165,6.5,"3'42"""
162.4,56.7,3106,9.1,155,16.5,"3'51"""
150.5,47.2,2075,8.94,157,17.8,"4'05"""
156.3,44.5,2619,7.95,182,10.6,"3'08"""
154.5,49.9,2952,9.09,175,24.9,"3'40"""
155.3,48.4,3280,8.57,170,13.9,"3'37"""
165.7,48.2,3032,10.3,155,29,"4'29"""
162,48.8,2826,8.68,166,22.6,"4'01"""
161.7,48.5,2463,9.08,190,18.5,"3'47"""
168.2,56.6,2425,8.76,175,1,"4'01"""
165.1,57.4,3317,8.5,155,24.8,"3'54"""
161.5,49.3,3230,9.15,160,27.6,"3'57"""
157.7,58.4,2860,9,160,28.9,"3'53"""
162.1,42.2,2569,8.5,175,20.6,"3'49"""
165.4,53.7,3103,8.38,162,16.2,"3'38"""
163,54.1,2357,9.25,151,23.9,"4'01"""
157,60,3328,8.5,183,22.4,"3'38"""
162.8,52.9,2437,9.36,165,20.9,"3'58"""
162.2,57.2,3140,8.24,210,11.3,"4'34"""
158.3,57.6,1619,8.5,182,18,"3'40"""
166.7,49.7,3338,8,181,18.6,"3'20"""
146,42.6,2249,9.15,170,17,"3'39"""
159.8,46.6,2943,8.3,180,19.9,"3'49"""
161.2,44.6,2410,9.07,160,9.9,"4'55"""
161.4,53.5,2572,8.49,184,10.8,"3'41"""
158.9,64.7,3417,8.58,186,19.5,"3'22"""
157,38.5,2562,8.8,180,10.9,"3'44"""
159.3,48,3492,9.4,175,19.4,"3'36"""
153.6,42.1,2599,9.6,165,18.9,"3'54"""
173,59,2737,8.59,185,12.2,"3'44"""
158.7,52.8,2571,8.68,190,17.2,"4'01"""
148.4,46.1,2237,9.3,155,15.8,"3'59"""
160.7,55.3,2564,8.74,184,19.7,"3'57"""
160,56.7,3132,8.06,184,25.6,"3'34"""
154.3,52.7,2524,9.19,165,9.2,"4'03"""
169.4,51.6,2863,8.6,192,19.7,"3'33"""
162.3,62.7,3459,9.19,165,28.2,"4'01"""
164.5,54.2,3088,8.69,160,22.6,"3'52"""
158.2,51.6,2772,7.59,190,26.3,"3'23"""
159.2,47,3074,9.3,180,23.8,"3'51"""
167.8,53.6,3382,8.19,200,20.3,"3'43"""
159,42.6,3063,8.8,188,14.4,"3'48"""
167.8,54.6,2764,9.28,175,6.8,"3'52"""
168.5,52.3,3364,7.8,215,23.6,"3'20"""
154.6,46.6,2195,9.86,160,20.3,"3'51"""
157.8,48.7,3239,8.1,190,24.9,"3'22"""
157.4,45.8,2599,8.63,185,18,"3'46"""
156.7,44.8,2520,9.31,152,27.2,"3'48"""
165,51.9,2617,9.4,170,9.9,"3'56"""
164.7,46,2124,8.64,180,12.6,"3'41"""
164.2,46.1,2824,9.9,162,25.7,"4'42"""
165.4,53.1,3155,9.18,176,11.8,"4'04"""
156.9,64.8,3121,9.01,158,15.5,"3'46"""
166.3,84.3,3824,9.69,170,15.3,"3'55"""
160.1,44.6,2405,8,173,7.7,"3'31"""
169.4,65.5,2871,10.17,157,27.5,"4'24"""
166,56.5,3467,8.49,185,15.8,"3'42"""
159,45.6,2519,8.85,165,8.3,"3'49"""
158.3,53.4,3023,9.9,150,13.6,"4'22"""
162.5,59.4,3329,8.77,175,17.8,"3'54"""
168.9,69.3,3576,9.69,160,10.8,"4'16"""
155.4,54.2,3304,8.88,170,14,"4'18"""
161.2,65.3,2563,9.63,155,13.5,"4'00"""
163.9,49.9,2684,8.64,192,18.3,"3'40"""
163.1,52.3,2606,9.5,165,15.6,"4'05"""
159.7,44.9,3178,8.89,185,7.2,"4'09"""
171.8,61.6,3554,9.06,180,15.4,"3'41"""
169.4,80.3,3864,8.1,188,14.4,"3'31"""
156.9,54.9,3068,8.9,193,15.1,"3'55"""
160.1,48,3102,8.58,167,15.4,"3'33"""
150.8,44.2,3552,9.69,175,24.6,"3'50"""
161.1,58.4,3567,8.9,188,19.9,"3'53"""
161,64.5,3445,9.92,167,17.9,"4'29"""
164.5,53.2,3227,9.23,163,17.1,"3'49"""
159.3,47.9,2977,8.8,155,14.6,"4'16"""
162.1,46.7,3336,9.1,178,12.6,"4'16"""
161.5,48.4,2303,9.33,148,12.8,"3'58"""
163,49,2200,10.02,160,10,"4'49"""
